path,signer_id,sign
/content/drive/MyDrive/Asiri/keyPoints/හොඳයි/හොඳයි 2.csv,1,හොඳයි
/content/drive/MyDrive/Asiri/keyPoints/හොඳයි/හොඳයි 3.csv,1,හොඳයි
/content/drive/MyDrive/Asiri/keyPoints/හොඳයි/හොඳයි 4.csv,1,හොඳයි
/content/drive/MyDrive/Asiri/keyPoints/හොඳයි/හොඳයි 5.csv,1,හොඳයි
/content/drive/MyDrive/Asiri/keyPoints/හොඳයි/හොඳයි 6.csv,1,හොඳයි
/content/drive/MyDrive/Asiri/keyPoints/හොඳයි/හොඳයි 7.csv,1,හොඳයි
/content/drive/MyDrive/Asiri/keyPoints/හොඳයි/හොඳයි 8.csv,1,හොඳයි
/content/drive/MyDrive/Asiri/keyPoints/හොඳයි/හොඳයි 9.csv,1,හොඳයි
/content/drive/MyDrive/Asiri/keyPoints/හොඳයි/හොඳයි 10.csv,2,හොඳයි
/content/drive/MyDrive/Asiri/keyPoints/හොඳයි/හොඳයි 11.csv,1,හොඳයි
/content/drive/MyDrive/Asiri/keyPoints/හොඳයි/හොඳයි 12.csv,1,හොඳයි
/content/drive/MyDrive/Asiri/keyPoints/හොඳයි/හොඳයි 13.csv,1,හොඳයි
/content/drive/MyDrive/Asiri/keyPoints/හොඳයි/හොඳයි 14.csv,1,හොඳයි
/content/drive/MyDrive/Asiri/keyPoints/හොඳයි/හොඳයි 15.csv,1,හොඳයි
/content/drive/MyDrive/Asiri/keyPoints/හොඳයි/හොඳයි 16.csv,1,හොඳයි
/content/drive/MyDrive/Asiri/keyPoints/හොඳයි/හොඳයි 17.csv,1,හොඳයි
/content/drive/MyDrive/Asiri/keyPoints/හොඳයි/හොඳයි 18.csv,1,හොඳයි
/content/drive/MyDrive/Asiri/keyPoints/හොඳයි/හොඳයි 19.csv,1,හොඳයි
/content/drive/MyDrive/Asiri/keyPoints/හොඳයි/හොඳයි 20.csv,1,හොඳයි
/content/drive/MyDrive/Asiri/keyPoints/හොඳයි/හොඳයි 21.csv,1,හොඳයි
/content/drive/MyDrive/Asiri/keyPoints/හොඳයි/හොඳයි 22.csv,1,හොඳයි
/content/drive/MyDrive/Asiri/keyPoints/හොඳයි/හොඳයි 23.csv,1,හොඳයි
/content/drive/MyDrive/Asiri/keyPoints/හොඳයි/හොඳයි 24.csv,1,හොඳයි
/content/drive/MyDrive/Asiri/keyPoints/හොඳයි/හොඳයි 25.csv,1,හොඳයි
/content/drive/MyDrive/Asiri/keyPoints/හොඳයි/හොඳයි 26.csv,1,හොඳයි
/content/drive/MyDrive/Asiri/keyPoints/හොඳයි/හොඳයි 27.csv,1,හොඳයි
/content/drive/MyDrive/Asiri/keyPoints/හොඳයි/හොඳයි 28.csv,2,හොඳයි
/content/drive/MyDrive/Asiri/keyPoints/හොඳයි/හොඳයි 29.csv,2,හොඳයි
/content/drive/MyDrive/Asiri/keyPoints/හොඳයි/හොඳයි 30.csv,1,හොඳයි
/content/drive/MyDrive/Asiri/keyPoints/හොඳ නැ/හොඳ නැ 7.csv,1,හොඳ නැ
/content/drive/MyDrive/Asiri/keyPoints/හොඳ නැ/හොඳ නැ 2.csv,1,හොඳ නැ
/content/drive/MyDrive/Asiri/keyPoints/හොඳ නැ/හොඳ නැ 3.csv,1,හොඳ නැ
/content/drive/MyDrive/Asiri/keyPoints/හොඳ නැ/හොඳ නැ 4.csv,1,හොඳ නැ
/content/drive/MyDrive/Asiri/keyPoints/හොඳ නැ/හොඳ නැ 5.csv,1,හොඳ නැ
/content/drive/MyDrive/Asiri/keyPoints/හොඳ නැ/හොඳ නැ 6.csv,1,හොඳ නැ
/content/drive/MyDrive/Asiri/keyPoints/හොඳ නැ/හොඳ නැ 8.csv,1,හොඳ නැ
/content/drive/MyDrive/Asiri/keyPoints/හොඳ නැ/හොඳ නැ 10.csv,1,හොඳ නැ
/content/drive/MyDrive/Asiri/keyPoints/හොඳ නැ/හොඳ නැ_9.csv,2,හොඳ නැ
/content/drive/MyDrive/Asiri/keyPoints/හොඳ නැ/හොඳනැ_1.csv,1,හොඳ නැ
/content/drive/MyDrive/Asiri/keyPoints/හොඳ නැ/හොඳ නැ 12.csv,1,හොඳ නැ
/content/drive/MyDrive/Asiri/keyPoints/හොඳ නැ/හොඳ නැ 13.csv,1,හොඳ නැ
/content/drive/MyDrive/Asiri/keyPoints/හොඳ නැ/හොඳ නැ 14.csv,1,හොඳ නැ
/content/drive/MyDrive/Asiri/keyPoints/හොඳ නැ/හොඳ නැ 15.csv,1,හොඳ නැ
/content/drive/MyDrive/Asiri/keyPoints/හොඳ නැ/හොඳ නැ 16.csv,1,හොඳ නැ
/content/drive/MyDrive/Asiri/keyPoints/හොඳ නැ/හොඳ නැ 17.csv,1,හොඳ නැ
/content/drive/MyDrive/Asiri/keyPoints/හොඳ නැ/හොඳ නැ 18.csv,1,හොඳ නැ
/content/drive/MyDrive/Asiri/keyPoints/හොඳ නැ/හොඳ නැ 19.csv,1,හොඳ නැ
/content/drive/MyDrive/Asiri/keyPoints/හොඳ නැ/හොඳ නැ 20.csv,1,හොඳ නැ
/content/drive/MyDrive/Asiri/keyPoints/හොඳ නැ/හොඳ නැ 21.csv,1,හොඳ නැ
/content/drive/MyDrive/Asiri/keyPoints/හොඳ නැ/හොඳ නැ 22.csv,1,හොඳ නැ
/content/drive/MyDrive/Asiri/keyPoints/හොඳ නැ/හොඳ නැ 23.csv,1,හොඳ නැ
/content/drive/MyDrive/Asiri/keyPoints/හොඳ නැ/හොඳ නැ 24.csv,1,හොඳ නැ
/content/drive/MyDrive/Asiri/keyPoints/හොඳ නැ/හොඳ නැ 25.csv,1,හොඳ නැ
/content/drive/MyDrive/Asiri/keyPoints/හොඳ නැ/හොඳ නැ 26.csv,1,හොඳ නැ
/content/drive/MyDrive/Asiri/keyPoints/හොඳ නැ/හොඳ නැ 27.csv,1,හොඳ නැ
/content/drive/MyDrive/Asiri/keyPoints/හොඳ නැ/හොඳ නැ 28.csv,2,හොඳ නැ
/content/drive/MyDrive/Asiri/keyPoints/හොඳ නැ/හොඳ නැ 29.csv,1,හොඳ නැ
/content/drive/MyDrive/Asiri/keyPoints/හොඳ නැ/හොඳ නැ 30.csv,2,හොඳ නැ
/content/drive/MyDrive/Asiri/keyPoints/සුභ සන්ධ්‍යාවක්/සුභ සන්ධ්‍යාවක් 7.csv,1,සුභ සන්ධ්‍යාවක්
/content/drive/MyDrive/Asiri/keyPoints/සුභ සන්ධ්‍යාවක්/සුභ සන්ධ්‍යාවක් 1.csv,1,සුභ සන්ධ්‍යාවක්
/content/drive/MyDrive/Asiri/keyPoints/සුභ සන්ධ්‍යාවක්/සුභ සන්ධ්‍යාවක් 2.csv,1,සුභ සන්ධ්‍යාවක්
/content/drive/MyDrive/Asiri/keyPoints/සුභ සන්ධ්‍යාවක්/සුභ සන්ධ්‍යාවක් 3.csv,1,සුභ සන්ධ්‍යාවක්
/content/drive/MyDrive/Asiri/keyPoints/සුභ සන්ධ්‍යාවක්/සුභ සන්ධ්‍යාවක් 4.csv,1,සුභ සන්ධ්‍යාවක්
/content/drive/MyDrive/Asiri/keyPoints/සුභ සන්ධ්‍යාවක්/සුභ සන්ධ්‍යාවක් 5.csv,1,සුභ සන්ධ්‍යාවක්
/content/drive/MyDrive/Asiri/keyPoints/සුභ සන්ධ්‍යාවක්/සුභ සන්ධ්‍යාවක් 6.csv,1,සුභ සන්ධ්‍යාවක්
/content/drive/MyDrive/Asiri/keyPoints/සුභ සන්ධ්‍යාවක්/සුභ සන්ධ්‍යාවක් 8.csv,1,සුභ සන්ධ්‍යාවක්
/content/drive/MyDrive/Asiri/keyPoints/සුභ සන්ධ්‍යාවක්/සුභ සන්ධ්‍යාවක් 9.csv,1,සුභ සන්ධ්‍යාවක්
/content/drive/MyDrive/Asiri/keyPoints/සුභ සන්ධ්‍යාවක්/සුභ සන්ධ්‍යාවක් 10.csv,2,සුභ සන්ධ්‍යාවක්
/content/drive/MyDrive/Asiri/keyPoints/සුභ සන්ධ්‍යාවක්/සුභ සන්ධ්‍යාවක් 11.csv,1,සුභ සන්ධ්‍යාවක්
/content/drive/MyDrive/Asiri/keyPoints/සුභ සන්ධ්‍යාවක්/සුභ සන්ධ්‍යාවක් 12.csv,1,සුභ සන්ධ්‍යාවක්
/content/drive/MyDrive/Asiri/keyPoints/සුභ සන්ධ්‍යාවක්/සුභ සන්ධ්‍යාවක් 13.csv,1,සුභ සන්ධ්‍යාවක්
/content/drive/MyDrive/Asiri/keyPoints/සුභ සන්ධ්‍යාවක්/සුභ සන්ධ්‍යාවක් 14.csv,1,සුභ සන්ධ්‍යාවක්
/content/drive/MyDrive/Asiri/keyPoints/සුභ සන්ධ්‍යාවක්/සුභ සන්ධ්‍යාවක් 15.csv,1,සුභ සන්ධ්‍යාවක්
/content/drive/MyDrive/Asiri/keyPoints/සුභ සන්ධ්‍යාවක්/සුභ සන්ධ්‍යාවක් 16.csv,1,සුභ සන්ධ්‍යාවක්
/content/drive/MyDrive/Asiri/keyPoints/සුභ සන්ධ්‍යාවක්/සුභ සන්ධ්‍යාවක් 17.csv,1,සුභ සන්ධ්‍යාවක්
/content/drive/MyDrive/Asiri/keyPoints/සුභ සන්ධ්‍යාවක්/සුභ සන්ධ්‍යාවක් 18.csv,1,සුභ සන්ධ්‍යාවක්
/content/drive/MyDrive/Asiri/keyPoints/සුභ සන්ධ්‍යාවක්/සුභ සන්ධ්‍යාවක් 19.csv,1,සුභ සන්ධ්‍යාවක්
/content/drive/MyDrive/Asiri/keyPoints/සුභ සන්ධ්‍යාවක්/සුභ සන්ධ්‍යාවක් 20.csv,1,සුභ සන්ධ්‍යාවක්
/content/drive/MyDrive/Asiri/keyPoints/සුභ සන්ධ්‍යාවක්/සුභ සන්ධ්‍යාවක් 21.csv,1,සුභ සන්ධ්‍යාවක්
/content/drive/MyDrive/Asiri/keyPoints/සුභ සන්ධ්‍යාවක්/සුභ සන්ධ්‍යාවක් 22.csv,1,සුභ සන්ධ්‍යාවක්
/content/drive/MyDrive/Asiri/keyPoints/සුභ සන්ධ්‍යාවක්/සුභ සන්ධ්‍යාවක් 23.csv,1,සුභ සන්ධ්‍යාවක්
/content/drive/MyDrive/Asiri/keyPoints/සුභ සන්ධ්‍යාවක්/සුභ සන්ධ්‍යාවක් 24.csv,1,සුභ සන්ධ්‍යාවක්
/content/drive/MyDrive/Asiri/keyPoints/සුභ සන්ධ්‍යාවක්/සුභ සන්ධ්‍යාවක් 25.csv,1,සුභ සන්ධ්‍යාවක්
/content/drive/MyDrive/Asiri/keyPoints/සුභ සන්ධ්‍යාවක්/සුභ සන්ධ්‍යාවක් 26.csv,1,සුභ සන්ධ්‍යාවක්
/content/drive/MyDrive/Asiri/keyPoints/සුභ සන්ධ්‍යාවක්/සුභ සන්ධ්‍යාවක් 27.csv,1,සුභ සන්ධ්‍යාවක්
/content/drive/MyDrive/Asiri/keyPoints/සුභ සන්ධ්‍යාවක්/සුභ සන්ධ්‍යාවක් 28.csv,2,සුභ සන්ධ්‍යාවක්
/content/drive/MyDrive/Asiri/keyPoints/සුභ සන්ධ්‍යාවක්/සුභ සන්ධ්‍යාවක් 29.csv,1,සුභ සන්ධ්‍යාවක්
/content/drive/MyDrive/Asiri/keyPoints/සුභ සන්ධ්‍යාවක්/සුභ සන්ධ්‍යාවක් 30.csv,2,සුභ සන්ධ්‍යාවක්
/content/drive/MyDrive/Asiri/keyPoints/සුභ උදෑසනක්/සුභ උදෑසනක් 5.csv,1,සුභ උදෑසනක්
/content/drive/MyDrive/Asiri/keyPoints/සුභ උදෑසනක්/සුභ උදෑසනක් 6.csv,1,සුභ උදෑසනක්
/content/drive/MyDrive/Asiri/keyPoints/සුභ උදෑසනක්/සුභ උදෑසනක් 1.csv,1,සුභ උදෑසනක්
/content/drive/MyDrive/Asiri/keyPoints/සුභ උදෑසනක්/සුභ උදෑසනක් 2.csv,1,සුභ උදෑසනක්
/content/drive/MyDrive/Asiri/keyPoints/සුභ උදෑසනක්/සුභ උදෑසනක් 3.csv,1,සුභ උදෑසනක්
/content/drive/MyDrive/Asiri/keyPoints/සුභ උදෑසනක්/සුභ උදෑසනක් 4.csv,1,සුභ උදෑසනක්
/content/drive/MyDrive/Asiri/keyPoints/සුභ උදෑසනක්/සුභ උදෑසනක් 7.csv,1,සුභ උදෑසනක්
/content/drive/MyDrive/Asiri/keyPoints/සුභ උදෑසනක්/සුභ උදෑසනක් 8.csv,1,සුභ උදෑසනක්
/content/drive/MyDrive/Asiri/keyPoints/සුභ උදෑසනක්/සුභ උදෑසනක් 9.csv,1,සුභ උදෑසනක්
/content/drive/MyDrive/Asiri/keyPoints/සුභ උදෑසනක්/සුභ උදෑසනක් 10.csv,2,සුභ උදෑසනක්
/content/drive/MyDrive/Asiri/keyPoints/සුභ උදෑසනක්/සුභ උදෑසනක් 11.csv,1,සුභ උදෑසනක්
/content/drive/MyDrive/Asiri/keyPoints/සුභ උදෑසනක්/සුභ උදෑසනක් 12.csv,1,සුභ උදෑසනක්
/content/drive/MyDrive/Asiri/keyPoints/සුභ උදෑසනක්/සුභ උදෑසනක් 13.csv,1,සුභ උදෑසනක්
/content/drive/MyDrive/Asiri/keyPoints/සුභ උදෑසනක්/සුභ උදෑසනක් 14.csv,1,සුභ උදෑසනක්
/content/drive/MyDrive/Asiri/keyPoints/සුභ උදෑසනක්/සුභ උදෑසනක් 15.csv,1,සුභ උදෑසනක්
/content/drive/MyDrive/Asiri/keyPoints/සුභ උදෑසනක්/සුභ උදෑසනක් 16.csv,1,සුභ උදෑසනක්
/content/drive/MyDrive/Asiri/keyPoints/සුභ උදෑසනක්/සුභ උදෑසනක් 17.csv,1,සුභ උදෑසනක්
/content/drive/MyDrive/Asiri/keyPoints/සුභ උදෑසනක්/සුභ උදෑසනක් 18.csv,1,සුභ උදෑසනක්
/content/drive/MyDrive/Asiri/keyPoints/සුභ උදෑසනක්/සුභ උදෑසනක් 19.csv,1,සුභ උදෑසනක්
/content/drive/MyDrive/Asiri/keyPoints/සුභ උදෑසනක්/සුභ උදෑසනක් 20.csv,1,සුභ උදෑසනක්
/content/drive/MyDrive/Asiri/keyPoints/සුභ උදෑසනක්/සුභ උදෑසනක් 21.csv,1,සුභ උදෑසනක්
/content/drive/MyDrive/Asiri/keyPoints/සුභ උදෑසනක්/සුභ උදෑසනක් 22.csv,1,සුභ උදෑසනක්
/content/drive/MyDrive/Asiri/keyPoints/සුභ උදෑසනක්/සුභ උදෑසනක් 23.csv,1,සුභ උදෑසනක්
/content/drive/MyDrive/Asiri/keyPoints/සුභ උදෑසනක්/සුභ උදෑසනක් 24.csv,1,සුභ උදෑසනක්
/content/drive/MyDrive/Asiri/keyPoints/සුභ උදෑසනක්/සුභ උදෑසනක් 25.csv,1,සුභ උදෑසනක්
/content/drive/MyDrive/Asiri/keyPoints/සුභ උදෑසනක්/සුභ උදෑසනක් 26.csv,1,සුභ උදෑසනක්
/content/drive/MyDrive/Asiri/keyPoints/සුභ උදෑසනක්/සුභ උදෑසනක් 27.csv,1,සුභ උදෑසනක්
/content/drive/MyDrive/Asiri/keyPoints/සුභ උදෑසනක්/සුභ උදෑසනක් 28.csv,2,සුභ උදෑසනක්
/content/drive/MyDrive/Asiri/keyPoints/සුභ උදෑසනක්/සුභ උදෑසනක් 29.csv,1,සුභ උදෑසනක්
/content/drive/MyDrive/Asiri/keyPoints/සුභ උදෑසනක්/සුභ උදෑසනක් 30.csv,2,සුභ උදෑසනක්
/content/drive/MyDrive/Asiri/keyPoints/යන්න/යන්න 8.csv,1,යන්න
/content/drive/MyDrive/Asiri/keyPoints/යන්න/යන්න 1.csv,1,යන්න
/content/drive/MyDrive/Asiri/keyPoints/යන්න/යන්න 2.csv,1,යන්න
/content/drive/MyDrive/Asiri/keyPoints/යන්න/යන්න 3.csv,1,යන්න
/content/drive/MyDrive/Asiri/keyPoints/යන්න/යන්න 4.csv,1,යන්න
/content/drive/MyDrive/Asiri/keyPoints/යන්න/යන්න 5.csv,1,යන්න
/content/drive/MyDrive/Asiri/keyPoints/යන්න/යන්න 6.csv,1,යන්න
/content/drive/MyDrive/Asiri/keyPoints/යන්න/යන්න 7.csv,1,යන්න
/content/drive/MyDrive/Asiri/keyPoints/යන්න/යන්න 9.csv,1,යන්න
/content/drive/MyDrive/Asiri/keyPoints/යන්න/යන්න 10.csv,2,යන්න
/content/drive/MyDrive/Asiri/keyPoints/යන්න/යන්න 11.csv,1,යන්න
/content/drive/MyDrive/Asiri/keyPoints/යන්න/යන්න 12.csv,1,යන්න
/content/drive/MyDrive/Asiri/keyPoints/යන්න/යන්න 13.csv,1,යන්න
/content/drive/MyDrive/Asiri/keyPoints/යන්න/යන්න 14.csv,1,යන්න
/content/drive/MyDrive/Asiri/keyPoints/යන්න/යන්න 15.csv,1,යන්න
/content/drive/MyDrive/Asiri/keyPoints/යන්න/යන්න 16.csv,1,යන්න
/content/drive/MyDrive/Asiri/keyPoints/යන්න/යන්න 17.csv,1,යන්න
/content/drive/MyDrive/Asiri/keyPoints/යන්න/යන්න 18.csv,1,යන්න
/content/drive/MyDrive/Asiri/keyPoints/යන්න/යන්න 19.csv,1,යන්න
/content/drive/MyDrive/Asiri/keyPoints/යන්න/යන්න 20.csv,1,යන්න
/content/drive/MyDrive/Asiri/keyPoints/යන්න/යන්න 21.csv,1,යන්න
/content/drive/MyDrive/Asiri/keyPoints/යන්න/යන්න 22.csv,1,යන්න
/content/drive/MyDrive/Asiri/keyPoints/යන්න/යන්න 23.csv,1,යන්න
/content/drive/MyDrive/Asiri/keyPoints/යන්න/යන්න 24.csv,1,යන්න
/content/drive/MyDrive/Asiri/keyPoints/යන්න/යන්න 25.csv,1,යන්න
/content/drive/MyDrive/Asiri/keyPoints/යන්න/යන්න 26.csv,1,යන්න
/content/drive/MyDrive/Asiri/keyPoints/යන්න/යන්න 27.csv,1,යන්න
/content/drive/MyDrive/Asiri/keyPoints/යන්න/යන්න 28.csv,2,යන්න
/content/drive/MyDrive/Asiri/keyPoints/යන්න/යන්න 29.csv,1,යන්න
/content/drive/MyDrive/Asiri/keyPoints/යන්න/යන්න 30.csv,2,යන්න
/content/drive/MyDrive/Asiri/keyPoints/බෑ/බෑ 7.csv,1,බෑ
/content/drive/MyDrive/Asiri/keyPoints/බෑ/බෑ 1.csv,1,බෑ
/content/drive/MyDrive/Asiri/keyPoints/බෑ/බෑ 2.csv,1,බෑ
/content/drive/MyDrive/Asiri/keyPoints/බෑ/බෑ 3.csv,1,බෑ
/content/drive/MyDrive/Asiri/keyPoints/බෑ/බෑ 4.csv,1,බෑ
/content/drive/MyDrive/Asiri/keyPoints/බෑ/බෑ 5.csv,1,බෑ
/content/drive/MyDrive/Asiri/keyPoints/බෑ/බෑ 6.csv,1,බෑ
/content/drive/MyDrive/Asiri/keyPoints/බෑ/බෑ 8.csv,1,බෑ
/content/drive/MyDrive/Asiri/keyPoints/බෑ/බෑ 9.csv,1,බෑ
/content/drive/MyDrive/Asiri/keyPoints/බෑ/බෑ 10.csv,2,බෑ
/content/drive/MyDrive/Asiri/keyPoints/බෑ/බෑ 11.csv,1,බෑ
/content/drive/MyDrive/Asiri/keyPoints/බෑ/බෑ 12.csv,1,බෑ
/content/drive/MyDrive/Asiri/keyPoints/බෑ/බෑ 13.csv,1,බෑ
/content/drive/MyDrive/Asiri/keyPoints/බෑ/බෑ 14.csv,1,බෑ
/content/drive/MyDrive/Asiri/keyPoints/බෑ/බෑ 15.csv,1,බෑ
/content/drive/MyDrive/Asiri/keyPoints/බෑ/බෑ 16.csv,1,බෑ
/content/drive/MyDrive/Asiri/keyPoints/බෑ/බෑ 17.csv,1,බෑ
/content/drive/MyDrive/Asiri/keyPoints/බෑ/බෑ 18.csv,1,බෑ
/content/drive/MyDrive/Asiri/keyPoints/බෑ/බෑ 19.csv,1,බෑ
/content/drive/MyDrive/Asiri/keyPoints/බෑ/බෑ 20.csv,1,බෑ
/content/drive/MyDrive/Asiri/keyPoints/බෑ/බෑ 21.csv,1,බෑ
/content/drive/MyDrive/Asiri/keyPoints/බෑ/බෑ 22.csv,1,බෑ
/content/drive/MyDrive/Asiri/keyPoints/බෑ/බෑ 23.csv,1,බෑ
/content/drive/MyDrive/Asiri/keyPoints/බෑ/බෑ 24.csv,1,බෑ
/content/drive/MyDrive/Asiri/keyPoints/බෑ/බෑ 25.csv,1,බෑ
/content/drive/MyDrive/Asiri/keyPoints/බෑ/බෑ 26.csv,1,බෑ
/content/drive/MyDrive/Asiri/keyPoints/බෑ/බෑ 27.csv,1,බෑ
/content/drive/MyDrive/Asiri/keyPoints/බෑ/බෑ 28.csv,2,බෑ
/content/drive/MyDrive/Asiri/keyPoints/බෑ/බෑ 29.csv,1,බෑ
/content/drive/MyDrive/Asiri/keyPoints/බෑ/බෑ 30.csv,2,බෑ
/content/drive/MyDrive/Asiri/keyPoints/පුලුවන්/පුලුවන් 7.csv,1,පුලුවන්
/content/drive/MyDrive/Asiri/keyPoints/පුලුවන්/පුලුවන් 1.csv,1,පුලුවන්
/content/drive/MyDrive/Asiri/keyPoints/පුලුවන්/පුලුවන් 2.csv,1,පුලුවන්
/content/drive/MyDrive/Asiri/keyPoints/පුලුවන්/පුලුවන් 3.csv,1,පුලුවන්
/content/drive/MyDrive/Asiri/keyPoints/පුලුවන්/පුලුවන් 4.csv,1,පුලුවන්
/content/drive/MyDrive/Asiri/keyPoints/පුලුවන්/පුලුවන් 5.csv,1,පුලුවන්
/content/drive/MyDrive/Asiri/keyPoints/පුලුවන්/පුලුවන් 6.csv,1,පුලුවන්
/content/drive/MyDrive/Asiri/keyPoints/පුලුවන්/පුලුවන් 8.csv,1,පුලුවන්
/content/drive/MyDrive/Asiri/keyPoints/පුලුවන්/පුලුවන් 9.csv,1,පුලුවන්
/content/drive/MyDrive/Asiri/keyPoints/පුලුවන්/පුලුවන් 10.csv,2,පුලුවන්
/content/drive/MyDrive/Asiri/keyPoints/පුලුවන්/පුලුවන් 11.csv,1,පුලුවන්
/content/drive/MyDrive/Asiri/keyPoints/පුලුවන්/පුලුවන් 12.csv,1,පුලුවන්
/content/drive/MyDrive/Asiri/keyPoints/පුලුවන්/පුලුවන් 13.csv,1,පුලුවන්
/content/drive/MyDrive/Asiri/keyPoints/පුලුවන්/පුලුවන් 14.csv,1,පුලුවන්
/content/drive/MyDrive/Asiri/keyPoints/පුලුවන්/පුලුවන් 15.csv,1,පුලුවන්
/content/drive/MyDrive/Asiri/keyPoints/පුලුවන්/පුලුවන් 16.csv,1,පුලුවන්
/content/drive/MyDrive/Asiri/keyPoints/පුලුවන්/පුලුවන් 17.csv,1,පුලුවන්
/content/drive/MyDrive/Asiri/keyPoints/පුලුවන්/පුලුවන් 18.csv,1,පුලුවන්
/content/drive/MyDrive/Asiri/keyPoints/පුලුවන්/පුලුවන් 19.csv,1,පුලුවන්
/content/drive/MyDrive/Asiri/keyPoints/පුලුවන්/පුලුවන් 20.csv,1,පුලුවන්
/content/drive/MyDrive/Asiri/keyPoints/පුලුවන්/පුලුවන් 21.csv,1,පුලුවන්
/content/drive/MyDrive/Asiri/keyPoints/පුලුවන්/පුලුවන් 22.csv,1,පුලුවන්
/content/drive/MyDrive/Asiri/keyPoints/පුලුවන්/පුලුවන් 23.csv,1,පුලුවන්
/content/drive/MyDrive/Asiri/keyPoints/පුලුවන්/පුලුවන් 24.csv,1,පුලුවන්
/content/drive/MyDrive/Asiri/keyPoints/පුලුවන්/පුලුවන් 25.csv,1,පුලුවන්
/content/drive/MyDrive/Asiri/keyPoints/පුලුවන්/පුලුවන් 26.csv,1,පුලුවන්
/content/drive/MyDrive/Asiri/keyPoints/පුලුවන්/පුලුවන් 27.csv,1,පුලුවන්
/content/drive/MyDrive/Asiri/keyPoints/පුලුවන්/පුලුවන් 28.csv,2,පුලුවන්
/content/drive/MyDrive/Asiri/keyPoints/පුලුවන්/පුලුවන් 29.csv,1,පුලුවන්
/content/drive/MyDrive/Asiri/keyPoints/පුලුවන්/පුලුවන් 30.csv,2,පුලුවන්
/content/drive/MyDrive/Asiri/keyPoints/නෑ/නෑ 9.csv,1,නෑ
/content/drive/MyDrive/Asiri/keyPoints/නෑ/නෑ 1.csv,1,නෑ
/content/drive/MyDrive/Asiri/keyPoints/නෑ/නෑ 2.csv,1,නෑ
/content/drive/MyDrive/Asiri/keyPoints/නෑ/නෑ 3.csv,1,නෑ
/content/drive/MyDrive/Asiri/keyPoints/නෑ/නෑ 4.csv,1,නෑ
/content/drive/MyDrive/Asiri/keyPoints/නෑ/නෑ 5.csv,1,නෑ
/content/drive/MyDrive/Asiri/keyPoints/නෑ/නෑ 6.csv,1,නෑ
/content/drive/MyDrive/Asiri/keyPoints/නෑ/නෑ 7.csv,1,නෑ
/content/drive/MyDrive/Asiri/keyPoints/නෑ/නෑ 8.csv,1,නෑ
/content/drive/MyDrive/Asiri/keyPoints/නෑ/නෑ 10.csv,2,නෑ
/content/drive/MyDrive/Asiri/keyPoints/නෑ/නෑ 11.csv,1,නෑ
/content/drive/MyDrive/Asiri/keyPoints/නෑ/නෑ 12.csv,1,නෑ
/content/drive/MyDrive/Asiri/keyPoints/නෑ/නෑ 13.csv,1,නෑ
/content/drive/MyDrive/Asiri/keyPoints/නෑ/නෑ 14.csv,1,නෑ
/content/drive/MyDrive/Asiri/keyPoints/නෑ/නෑ 15.csv,1,නෑ
/content/drive/MyDrive/Asiri/keyPoints/නෑ/නෑ 16.csv,1,නෑ
/content/drive/MyDrive/Asiri/keyPoints/නෑ/නෑ 17.csv,1,නෑ
/content/drive/MyDrive/Asiri/keyPoints/නෑ/නෑ 18.csv,1,නෑ
/content/drive/MyDrive/Asiri/keyPoints/නෑ/නෑ 19.csv,1,නෑ
/content/drive/MyDrive/Asiri/keyPoints/නෑ/නෑ 20.csv,1,නෑ
/content/drive/MyDrive/Asiri/keyPoints/නෑ/නෑ 21.csv,1,නෑ
/content/drive/MyDrive/Asiri/keyPoints/නෑ/නෑ 22.csv,1,නෑ
/content/drive/MyDrive/Asiri/keyPoints/නෑ/නෑ 23.csv,1,නෑ
/content/drive/MyDrive/Asiri/keyPoints/නෑ/නෑ 24.csv,1,නෑ
/content/drive/MyDrive/Asiri/keyPoints/නෑ/නෑ 25.csv,1,නෑ
/content/drive/MyDrive/Asiri/keyPoints/නෑ/නෑ 26.csv,1,නෑ
/content/drive/MyDrive/Asiri/keyPoints/නෑ/නෑ 27.csv,1,නෑ
/content/drive/MyDrive/Asiri/keyPoints/නෑ/නෑ 28.csv,2,නෑ
/content/drive/MyDrive/Asiri/keyPoints/නෑ/නෑ 29.csv,1,නෑ
/content/drive/MyDrive/Asiri/keyPoints/නෑ/නෑ 30.csv,2,නෑ
/content/drive/MyDrive/Asiri/keyPoints/නරකයි/නරකයි 6.csv,1,නරකයි
/content/drive/MyDrive/Asiri/keyPoints/නරකයි/නරකයි 4.csv,1,නරකයි
/content/drive/MyDrive/Asiri/keyPoints/නරකයි/නරකයි 2.csv,1,නරකයි
/content/drive/MyDrive/Asiri/keyPoints/නරකයි/නරකයි 1.csv,1,නරකයි
/content/drive/MyDrive/Asiri/keyPoints/නරකයි/නරකයි 3.csv,1,නරකයි
/content/drive/MyDrive/Asiri/keyPoints/නරකයි/නරකයි 5.csv,1,නරකයි
/content/drive/MyDrive/Asiri/keyPoints/නරකයි/නරකයි 7.csv,1,නරකයි
/content/drive/MyDrive/Asiri/keyPoints/නරකයි/නරකයි 8.csv,1,නරකයි
/content/drive/MyDrive/Asiri/keyPoints/නරකයි/නරකයි 9.csv,1,නරකයි
/content/drive/MyDrive/Asiri/keyPoints/නරකයි/නරකයි 10.csv,2,නරකයි
/content/drive/MyDrive/Asiri/keyPoints/නරකයි/නරකයි 11.csv,1,නරකයි
/content/drive/MyDrive/Asiri/keyPoints/නරකයි/නරකයි 12.csv,1,නරකයි
/content/drive/MyDrive/Asiri/keyPoints/නරකයි/නරකයි 13.csv,1,නරකයි
/content/drive/MyDrive/Asiri/keyPoints/නරකයි/නරකයි 14.csv,1,නරකයි
/content/drive/MyDrive/Asiri/keyPoints/නරකයි/නරකයි 15.csv,1,නරකයි
/content/drive/MyDrive/Asiri/keyPoints/නරකයි/නරකයි 16.csv,1,නරකයි
/content/drive/MyDrive/Asiri/keyPoints/නරකයි/නරකයි 17.csv,1,නරකයි
/content/drive/MyDrive/Asiri/keyPoints/නරකයි/නරකයි 18.csv,1,නරකයි
/content/drive/MyDrive/Asiri/keyPoints/නරකයි/නරකයි 19.csv,1,නරකයි
/content/drive/MyDrive/Asiri/keyPoints/නරකයි/නරකයි 20.csv,1,නරකයි
/content/drive/MyDrive/Asiri/keyPoints/නරකයි/නරකයි 21.csv,1,නරකයි
/content/drive/MyDrive/Asiri/keyPoints/නරකයි/නරකයි 22.csv,1,නරකයි
/content/drive/MyDrive/Asiri/keyPoints/නරකයි/නරකයි 23.csv,1,නරකයි
/content/drive/MyDrive/Asiri/keyPoints/නරකයි/නරකයි 24.csv,1,නරකයි
/content/drive/MyDrive/Asiri/keyPoints/නරකයි/නරකයි 25.csv,1,නරකයි
/content/drive/MyDrive/Asiri/keyPoints/නරකයි/නරකයි 26.csv,1,නරකයි
/content/drive/MyDrive/Asiri/keyPoints/නරකයි/නරකයි 27.csv,1,නරකයි
/content/drive/MyDrive/Asiri/keyPoints/නරකයි/නරකයි 28.csv,2,නරකයි
/content/drive/MyDrive/Asiri/keyPoints/නරකයි/නරකයි 29.csv,1,නරකයි
/content/drive/MyDrive/Asiri/keyPoints/නරකයි/නරකයි 30.csv,2,නරකයි
/content/drive/MyDrive/Asiri/keyPoints/දන්නෙ නෑ/දන්නෙ නෑ 7.csv,1,දන්නෙ නෑ
/content/drive/MyDrive/Asiri/keyPoints/දන්නෙ නෑ/දන්නෙ නෑ 1.csv,1,දන්නෙ නෑ
/content/drive/MyDrive/Asiri/keyPoints/දන්නෙ නෑ/දන්නෙ නෑ 2.csv,1,දන්නෙ නෑ
/content/drive/MyDrive/Asiri/keyPoints/දන්නෙ නෑ/දන්නෙ නෑ 3.csv,1,දන්නෙ නෑ
/content/drive/MyDrive/Asiri/keyPoints/දන්නෙ නෑ/දන්නෙ නෑ 4.csv,1,දන්නෙ නෑ
/content/drive/MyDrive/Asiri/keyPoints/දන්නෙ නෑ/දන්නෙ නෑ 5.csv,1,දන්නෙ නෑ
/content/drive/MyDrive/Asiri/keyPoints/දන්නෙ නෑ/දන්නෙ නෑ 6.csv,1,දන්නෙ නෑ
/content/drive/MyDrive/Asiri/keyPoints/දන්නෙ නෑ/දන්නෙ නෑ 8.csv,1,දන්නෙ නෑ
/content/drive/MyDrive/Asiri/keyPoints/දන්නෙ නෑ/දන්නෙ නෑ 9.csv,2,දන්නෙ නෑ
/content/drive/MyDrive/Asiri/keyPoints/දන්නෙ නෑ/දන්නෙ නෑ 10.csv,1,දන්නෙ නෑ
/content/drive/MyDrive/Asiri/keyPoints/දන්නෙ නෑ/දන්නෙ නෑ 11.csv,1,දන්නෙ නෑ
/content/drive/MyDrive/Asiri/keyPoints/දන්නෙ නෑ/දන්නෙ නෑ 12.csv,1,දන්නෙ නෑ
/content/drive/MyDrive/Asiri/keyPoints/දන්නෙ නෑ/දන්නෙ නෑ 13.csv,1,දන්නෙ නෑ
/content/drive/MyDrive/Asiri/keyPoints/දන්නෙ නෑ/දන්නෙ නෑ 14.csv,1,දන්නෙ නෑ
/content/drive/MyDrive/Asiri/keyPoints/දන්නෙ නෑ/දන්නෙ නෑ 15.csv,1,දන්නෙ නෑ
/content/drive/MyDrive/Asiri/keyPoints/දන්නෙ නෑ/දන්නෙ නෑ 16.csv,1,දන්නෙ නෑ
/content/drive/MyDrive/Asiri/keyPoints/දන්නෙ නෑ/දන්නෙ නෑ 17.csv,1,දන්නෙ නෑ
/content/drive/MyDrive/Asiri/keyPoints/දන්නෙ නෑ/දන්නෙ නෑ 18.csv,1,දන්නෙ නෑ
/content/drive/MyDrive/Asiri/keyPoints/දන්නෙ නෑ/දන්නෙ නෑ 19.csv,1,දන්නෙ නෑ
/content/drive/MyDrive/Asiri/keyPoints/දන්නෙ නෑ/දන්නෙ නෑ 20.csv,1,දන්නෙ නෑ
/content/drive/MyDrive/Asiri/keyPoints/දන්නෙ නෑ/දන්නෙ නෑ 21.csv,1,දන්නෙ නෑ
/content/drive/MyDrive/Asiri/keyPoints/දන්නෙ නෑ/දන්නෙ නෑ 22.csv,1,දන්නෙ නෑ
/content/drive/MyDrive/Asiri/keyPoints/දන්නෙ නෑ/දන්නෙ නෑ 23.csv,1,දන්නෙ නෑ
/content/drive/MyDrive/Asiri/keyPoints/දන්නෙ නෑ/දන්නෙ නෑ 24.csv,1,දන්නෙ නෑ
/content/drive/MyDrive/Asiri/keyPoints/දන්නෙ නෑ/දන්නෙ නෑ 25.csv,1,දන්නෙ නෑ
/content/drive/MyDrive/Asiri/keyPoints/දන්නෙ නෑ/දන්නෙ නෑ 26.csv,1,දන්නෙ නෑ
/content/drive/MyDrive/Asiri/keyPoints/දන්නෙ නෑ/දන්නෙ නෑ 27.csv,2,දන්නෙ නෑ
/content/drive/MyDrive/Asiri/keyPoints/දන්නෙ නෑ/දන්නෙ නෑ 28.csv,1,දන්නෙ නෑ
/content/drive/MyDrive/Asiri/keyPoints/දන්නෙ නෑ/දන්නෙ නෑ 29.csv,1,දන්නෙ නෑ
/content/drive/MyDrive/Asiri/keyPoints/දන්නෙ නෑ/දන්නෙ නෑ 30.csv,2,දන්නෙ නෑ
/content/drive/MyDrive/Asiri/keyPoints/දන්නවා/දන්නවා 8.csv,1,දන්නවා
/content/drive/MyDrive/Asiri/keyPoints/දන්නවා/දන්නවා 1.csv,1,දන්නවා
/content/drive/MyDrive/Asiri/keyPoints/දන්නවා/දන්නවා 2.csv,1,දන්නවා
/content/drive/MyDrive/Asiri/keyPoints/දන්නවා/දන්නවා 3.csv,1,දන්නවා
/content/drive/MyDrive/Asiri/keyPoints/දන්නවා/දන්නවා 4.csv,1,දන්නවා
/content/drive/MyDrive/Asiri/keyPoints/දන්නවා/දන්නවා 5.csv,1,දන්නවා
/content/drive/MyDrive/Asiri/keyPoints/දන්නවා/දන්නවා 6.csv,1,දන්නවා
/content/drive/MyDrive/Asiri/keyPoints/දන්නවා/දන්නවා 7.csv,1,දන්නවා
/content/drive/MyDrive/Asiri/keyPoints/දන්නවා/දන්නවා 9.csv,2,දන්නවා
/content/drive/MyDrive/Asiri/keyPoints/දන්නවා/දන්නවා 10.csv,1,දන්නවා
/content/drive/MyDrive/Asiri/keyPoints/දන්නවා/දන්නවා 11.csv,1,දන්නවා
/content/drive/MyDrive/Asiri/keyPoints/දන්නවා/දන්නවා 12.csv,1,දන්නවා
/content/drive/MyDrive/Asiri/keyPoints/දන්නවා/දන්නවා 13.csv,1,දන්නවා
/content/drive/MyDrive/Asiri/keyPoints/දන්නවා/දන්නවා 14.csv,1,දන්නවා
/content/drive/MyDrive/Asiri/keyPoints/දන්නවා/දන්නවා 15.csv,1,දන්නවා
/content/drive/MyDrive/Asiri/keyPoints/දන්නවා/දන්නවා 16.csv,1,දන්නවා
/content/drive/MyDrive/Asiri/keyPoints/දන්නවා/දන්නවා 17.csv,1,දන්නවා
/content/drive/MyDrive/Asiri/keyPoints/දන්නවා/දන්නවා 18.csv,1,දන්නවා
/content/drive/MyDrive/Asiri/keyPoints/දන්නවා/දන්නවා 19.csv,1,දන්නවා
/content/drive/MyDrive/Asiri/keyPoints/දන්නවා/දන්නවා 20.csv,1,දන්නවා
/content/drive/MyDrive/Asiri/keyPoints/දන්නවා/දන්නවා 21.csv,1,දන්නවා
/content/drive/MyDrive/Asiri/keyPoints/දන්නවා/දන්නවා 22.csv,1,දන්නවා
/content/drive/MyDrive/Asiri/keyPoints/දන්නවා/දන්නවා 23.csv,1,දන්නවා
/content/drive/MyDrive/Asiri/keyPoints/දන්නවා/දන්නවා 24.csv,1,දන්නවා
/content/drive/MyDrive/Asiri/keyPoints/දන්නවා/දන්නවා 25.csv,1,දන්නවා
/content/drive/MyDrive/Asiri/keyPoints/දන්නවා/දන්නවා 26.csv,1,දන්නවා
/content/drive/MyDrive/Asiri/keyPoints/දන්නවා/දන්නවා 27.csv,2,දන්නවා
/content/drive/MyDrive/Asiri/keyPoints/දන්නවා/දන්නවා 28.csv,1,දන්නවා
/content/drive/MyDrive/Asiri/keyPoints/දන්නවා/දන්නවා 29.csv,1,දන්නවා
/content/drive/MyDrive/Asiri/keyPoints/දන්නවා/දන්නවා 30.csv,2,දන්නවා
/content/drive/MyDrive/Asiri/keyPoints/කැමැතියි/කැමැතියි 4.csv,1,කැමැතියි
/content/drive/MyDrive/Asiri/keyPoints/කැමැතියි/කැමැතියි 1.csv,1,කැමැතියි
/content/drive/MyDrive/Asiri/keyPoints/කැමැතියි/කැමැතියි 2.csv,1,කැමැතියි
/content/drive/MyDrive/Asiri/keyPoints/කැමැතියි/කැමැතියි 3.csv,1,කැමැතියි
/content/drive/MyDrive/Asiri/keyPoints/කැමැතියි/කැමැතියි 5.csv,1,කැමැතියි
/content/drive/MyDrive/Asiri/keyPoints/කැමැතියි/කැමැතියි 6.csv,1,කැමැතියි
/content/drive/MyDrive/Asiri/keyPoints/කැමැතියි/කැමැතියි 7.csv,1,කැමැතියි
/content/drive/MyDrive/Asiri/keyPoints/කැමැතියි/කැමැතියි 8.csv,1,කැමැතියි
/content/drive/MyDrive/Asiri/keyPoints/කැමැතියි/කැමැතියි 9.csv,1,කැමැතියි
/content/drive/MyDrive/Asiri/keyPoints/කැමැතියි/කැමැතියි 10.csv,2,කැමැතියි
/content/drive/MyDrive/Asiri/keyPoints/කැමැතියි/කැමැතියි 11.csv,1,කැමැතියි
/content/drive/MyDrive/Asiri/keyPoints/කැමැතියි/කැමැතියි 12.csv,1,කැමැතියි
/content/drive/MyDrive/Asiri/keyPoints/කැමැතියි/කැමැතියි 13.csv,1,කැමැතියි
/content/drive/MyDrive/Asiri/keyPoints/කැමැතියි/කැමැතියි 14.csv,1,කැමැතියි
/content/drive/MyDrive/Asiri/keyPoints/කැමැතියි/කැමැතියි 15.csv,1,කැමැතියි
/content/drive/MyDrive/Asiri/keyPoints/කැමැතියි/කැමැතියි 16.csv,1,කැමැතියි
/content/drive/MyDrive/Asiri/keyPoints/කැමැතියි/කැමැතියි 17.csv,1,කැමැතියි
/content/drive/MyDrive/Asiri/keyPoints/කැමැතියි/කැමැතියි 18.csv,1,කැමැතියි
/content/drive/MyDrive/Asiri/keyPoints/කැමැතියි/කැමැතියි 19.csv,1,කැමැතියි
/content/drive/MyDrive/Asiri/keyPoints/කැමැතියි/කැමැතියි 20.csv,1,කැමැතියි
/content/drive/MyDrive/Asiri/keyPoints/කැමැතියි/කැමැතියි 21.csv,1,කැමැතියි
/content/drive/MyDrive/Asiri/keyPoints/කැමැතියි/කැමැතියි 22.csv,1,කැමැතියි
/content/drive/MyDrive/Asiri/keyPoints/කැමැතියි/කැමැතියි 23.csv,1,කැමැතියි
/content/drive/MyDrive/Asiri/keyPoints/කැමැතියි/කැමැතියි 24.csv,1,කැමැතියි
/content/drive/MyDrive/Asiri/keyPoints/කැමැතියි/කැමැතියි 25.csv,1,කැමැතියි
/content/drive/MyDrive/Asiri/keyPoints/කැමැතියි/කැමැතියි 26.csv,1,කැමැතියි
/content/drive/MyDrive/Asiri/keyPoints/කැමැතියි/කැමැතියි 27.csv,1,කැමැතියි
/content/drive/MyDrive/Asiri/keyPoints/කැමැතියි/කැමැතියි 28.csv,2,කැමැතියි
/content/drive/MyDrive/Asiri/keyPoints/කැමැතියි/කැමැතියි 29.csv,1,කැමැතියි
/content/drive/MyDrive/Asiri/keyPoints/කැමැතියි/කැමැතියි 30.csv,2,කැමැතියි
/content/drive/MyDrive/Asiri/keyPoints/ඔව්/ඔව් 7.csv,1,ඔව්
/content/drive/MyDrive/Asiri/keyPoints/ඔව්/ඔව් 1.csv,1,ඔව්
/content/drive/MyDrive/Asiri/keyPoints/ඔව්/ඔව් 2.csv,1,ඔව්
/content/drive/MyDrive/Asiri/keyPoints/ඔව්/ඔව් 3.csv,1,ඔව්
/content/drive/MyDrive/Asiri/keyPoints/ඔව්/ඔව් 4.csv,1,ඔව්
/content/drive/MyDrive/Asiri/keyPoints/ඔව්/ඔව් 5.csv,1,ඔව්
/content/drive/MyDrive/Asiri/keyPoints/ඔව්/ඔව් 6.csv,1,ඔව්
/content/drive/MyDrive/Asiri/keyPoints/ඔව්/ඔව් 8.csv,1,ඔව්
/content/drive/MyDrive/Asiri/keyPoints/ඔව්/ඔව් 9.csv,1,ඔව්
/content/drive/MyDrive/Asiri/keyPoints/ඔව්/ඔව් 10.csv,2,ඔව්
/content/drive/MyDrive/Asiri/keyPoints/ඔව්/ඔව් 11.csv,1,ඔව්
/content/drive/MyDrive/Asiri/keyPoints/ඔව්/ඔව් 12.csv,1,ඔව්
/content/drive/MyDrive/Asiri/keyPoints/ඔව්/ඔව් 13.csv,1,ඔව්
/content/drive/MyDrive/Asiri/keyPoints/ඔව්/ඔව් 14.csv,1,ඔව්
/content/drive/MyDrive/Asiri/keyPoints/ඔව්/ඔව් 15.csv,1,ඔව්
/content/drive/MyDrive/Asiri/keyPoints/ඔව්/ඔව් 16.csv,1,ඔව්
/content/drive/MyDrive/Asiri/keyPoints/ඔව්/ඔව් 17.csv,1,ඔව්
/content/drive/MyDrive/Asiri/keyPoints/ඔව්/ඔව් 18.csv,1,ඔව්
/content/drive/MyDrive/Asiri/keyPoints/ඔව්/ඔව් 19.csv,1,ඔව්
/content/drive/MyDrive/Asiri/keyPoints/ඔව්/ඔව් 20.csv,1,ඔව්
/content/drive/MyDrive/Asiri/keyPoints/ඔව්/ඔව් 21.csv,1,ඔව්
/content/drive/MyDrive/Asiri/keyPoints/ඔව්/ඔව් 22.csv,1,ඔව්
/content/drive/MyDrive/Asiri/keyPoints/ඔව්/ඔව් 23.csv,1,ඔව්
/content/drive/MyDrive/Asiri/keyPoints/ඔව්/ඔව් 24.csv,1,ඔව්
/content/drive/MyDrive/Asiri/keyPoints/ඔව්/ඔව් 25.csv,1,ඔව්
/content/drive/MyDrive/Asiri/keyPoints/ඔව්/ඔව් 26.csv,1,ඔව්
/content/drive/MyDrive/Asiri/keyPoints/ඔව්/ඔව් 27.csv,2,ඔව්
/content/drive/MyDrive/Asiri/keyPoints/ඔව්/ඔව් 28.csv,1,ඔව්
/content/drive/MyDrive/Asiri/keyPoints/ඔව්/ඔව් 29.csv,1,ඔව්
/content/drive/MyDrive/Asiri/keyPoints/ඔව්/ඔව් 30.csv,2,ඔව්
/content/drive/MyDrive/Asiri/keyPoints/එපා/එපා 7.csv,1,එපා
/content/drive/MyDrive/Asiri/keyPoints/එපා/එපා 8.csv,1,එපා
/content/drive/MyDrive/Asiri/keyPoints/එපා/එපා 1.csv,1,එපා
/content/drive/MyDrive/Asiri/keyPoints/එපා/එපා 2.csv,1,එපා
/content/drive/MyDrive/Asiri/keyPoints/එපා/එපා 3.csv,1,එපා
/content/drive/MyDrive/Asiri/keyPoints/එපා/එපා 4.csv,1,එපා
/content/drive/MyDrive/Asiri/keyPoints/එපා/එපා 5.csv,1,එපා
/content/drive/MyDrive/Asiri/keyPoints/එපා/එපා 6.csv,1,එපා
/content/drive/MyDrive/Asiri/keyPoints/එපා/එපා 9.csv,2,එපා
/content/drive/MyDrive/Asiri/keyPoints/එපා/එපා 10.csv,1,එපා
/content/drive/MyDrive/Asiri/keyPoints/එපා/එපා 12.csv,1,එපා
/content/drive/MyDrive/Asiri/keyPoints/එපා/එපා 13.csv,1,එපා
/content/drive/MyDrive/Asiri/keyPoints/එපා/එපා 14.csv,1,එපා
/content/drive/MyDrive/Asiri/keyPoints/එපා/එපා 15.csv,1,එපා
/content/drive/MyDrive/Asiri/keyPoints/එපා/එපා 16.csv,1,එපා
/content/drive/MyDrive/Asiri/keyPoints/එපා/එපා 17.csv,1,එපා
/content/drive/MyDrive/Asiri/keyPoints/එපා/එපා 18.csv,1,එපා
/content/drive/MyDrive/Asiri/keyPoints/එපා/එපා 19.csv,1,එපා
/content/drive/MyDrive/Asiri/keyPoints/එපා/එපා 20.csv,1,එපා
/content/drive/MyDrive/Asiri/keyPoints/එපා/එපා 21.csv,1,එපා
/content/drive/MyDrive/Asiri/keyPoints/එපා/එපා 22.csv,1,එපා
/content/drive/MyDrive/Asiri/keyPoints/එපා/එපා 23.csv,1,එපා
/content/drive/MyDrive/Asiri/keyPoints/එපා/එපා 24.csv,1,එපා
/content/drive/MyDrive/Asiri/keyPoints/එපා/එපා 25.csv,1,එපා
/content/drive/MyDrive/Asiri/keyPoints/එපා/එපා 26.csv,1,එපා
/content/drive/MyDrive/Asiri/keyPoints/එපා/එපා 27.csv,2,එපා
/content/drive/MyDrive/Asiri/keyPoints/එපා/එපා 28.csv,1,එපා
/content/drive/MyDrive/Asiri/keyPoints/එපා/එපා 29.csv,1,එපා
/content/drive/MyDrive/Asiri/keyPoints/එපා/එපා 30.csv,2,එපා
/content/drive/MyDrive/Asiri/keyPoints/එන්න/එන්න 5.csv,1,එන්න
/content/drive/MyDrive/Asiri/keyPoints/එන්න/එන්න 1.csv,1,එන්න
/content/drive/MyDrive/Asiri/keyPoints/එන්න/එන්න 2.csv,1,එන්න
/content/drive/MyDrive/Asiri/keyPoints/එන්න/එන්න 3.csv,1,එන්න
/content/drive/MyDrive/Asiri/keyPoints/එන්න/එන්න 4.csv,1,එන්න
/content/drive/MyDrive/Asiri/keyPoints/එන්න/එන්න 6.csv,1,එන්න
/content/drive/MyDrive/Asiri/keyPoints/එන්න/එන්න 7.csv,1,එන්න
/content/drive/MyDrive/Asiri/keyPoints/එන්න/එන්න 8.csv,1,එන්න
/content/drive/MyDrive/Asiri/keyPoints/එන්න/එන්න 9.csv,2,එන්න
/content/drive/MyDrive/Asiri/keyPoints/එන්න/එන්න 10.csv,1,එන්න
/content/drive/MyDrive/Asiri/keyPoints/එන්න/එන්න 11.csv,1,එන්න
/content/drive/MyDrive/Asiri/keyPoints/එන්න/එන්න 12.csv,1,එන්න
/content/drive/MyDrive/Asiri/keyPoints/එන්න/එන්න 13.csv,1,එන්න
/content/drive/MyDrive/Asiri/keyPoints/එන්න/එන්න 14.csv,1,එන්න
/content/drive/MyDrive/Asiri/keyPoints/එන්න/එන්න 15.csv,1,එන්න
/content/drive/MyDrive/Asiri/keyPoints/එන්න/එන්න 16.csv,1,එන්න
/content/drive/MyDrive/Asiri/keyPoints/එන්න/එන්න 17.csv,1,එන්න
/content/drive/MyDrive/Asiri/keyPoints/එන්න/එන්න 18.csv,1,එන්න
/content/drive/MyDrive/Asiri/keyPoints/එන්න/එන්න 19.csv,1,එන්න
/content/drive/MyDrive/Asiri/keyPoints/එන්න/එන්න 20.csv,1,එන්න
/content/drive/MyDrive/Asiri/keyPoints/එන්න/එන්න 21.csv,1,එන්න
/content/drive/MyDrive/Asiri/keyPoints/එන්න/එන්න 22.csv,1,එන්න
/content/drive/MyDrive/Asiri/keyPoints/එන්න/එන්න 23.csv,1,එන්න
/content/drive/MyDrive/Asiri/keyPoints/එන්න/එන්න 24.csv,1,එන්න
/content/drive/MyDrive/Asiri/keyPoints/එන්න/එන්න 25.csv,1,එන්න
/content/drive/MyDrive/Asiri/keyPoints/එන්න/එන්න 26.csv,1,එන්න
/content/drive/MyDrive/Asiri/keyPoints/එන්න/එන්න 27.csv,1,එන්න
/content/drive/MyDrive/Asiri/keyPoints/එන්න/එන්න 28.csv,2,එන්න
/content/drive/MyDrive/Asiri/keyPoints/එන්න/එන්න 29.csv,1,එන්න
/content/drive/MyDrive/Asiri/keyPoints/එන්න/එන්න 30.csv,2,එන්න
/content/drive/MyDrive/Asiri/keyPoints/කහ/Yellow10.csv,1,කහ
/content/drive/MyDrive/Asiri/keyPoints/කහ/Yellow1.csv,1,කහ
/content/drive/MyDrive/Asiri/keyPoints/කහ/Yellow2.csv,1,කහ
/content/drive/MyDrive/Asiri/keyPoints/කහ/Yellow3.csv,1,කහ
/content/drive/MyDrive/Asiri/keyPoints/කහ/Yellow4.csv,1,කහ
/content/drive/MyDrive/Asiri/keyPoints/කහ/Yellow5.csv,1,කහ
/content/drive/MyDrive/Asiri/keyPoints/කහ/Yellow6.csv,1,කහ
/content/drive/MyDrive/Asiri/keyPoints/කහ/Yellow7.csv,1,කහ
/content/drive/MyDrive/Asiri/keyPoints/කහ/Yellow8.csv,2,කහ
/content/drive/MyDrive/Asiri/keyPoints/කහ/Yellow9.csv,1,කහ
/content/drive/MyDrive/Asiri/keyPoints/කහ/කහ 11.csv,1,කහ
/content/drive/MyDrive/Asiri/keyPoints/කහ/කහ 12.csv,1,කහ
/content/drive/MyDrive/Asiri/keyPoints/කහ/කහ 13.csv,1,කහ
/content/drive/MyDrive/Asiri/keyPoints/කහ/කහ 14.csv,1,කහ
/content/drive/MyDrive/Asiri/keyPoints/කහ/කහ 15.csv,1,කහ
/content/drive/MyDrive/Asiri/keyPoints/කහ/කහ 16.csv,1,කහ
/content/drive/MyDrive/Asiri/keyPoints/කහ/කහ 17.csv,1,කහ
/content/drive/MyDrive/Asiri/keyPoints/කහ/කහ 18.csv,1,කහ
/content/drive/MyDrive/Asiri/keyPoints/කහ/කහ 19.csv,1,කහ
/content/drive/MyDrive/Asiri/keyPoints/කහ/කහ 20.csv,1,කහ
/content/drive/MyDrive/Asiri/keyPoints/කහ/කහ 21.csv,1,කහ
/content/drive/MyDrive/Asiri/keyPoints/කහ/කහ 22.csv,1,කහ
/content/drive/MyDrive/Asiri/keyPoints/කහ/කහ 23.csv,1,කහ
/content/drive/MyDrive/Asiri/keyPoints/කහ/කහ 24.csv,1,කහ
/content/drive/MyDrive/Asiri/keyPoints/කහ/කහ 25.csv,1,කහ
/content/drive/MyDrive/Asiri/keyPoints/කහ/කහ 26.csv,2,කහ
/content/drive/MyDrive/Asiri/keyPoints/කහ/කහ 27.csv,1,කහ
/content/drive/MyDrive/Asiri/keyPoints/කහ/කහ 28.csv,1,කහ
/content/drive/MyDrive/Asiri/keyPoints/කහ/කහ 29.csv,2,කහ
/content/drive/MyDrive/Asiri/keyPoints/කහ/කහ 30.csv,1,කහ
/content/drive/MyDrive/Asiri/keyPoints/රතු/Red1.csv,1,රතු
/content/drive/MyDrive/Asiri/keyPoints/රතු/Red2.csv,1,රතු
/content/drive/MyDrive/Asiri/keyPoints/රතු/Red3.csv,1,රතු
/content/drive/MyDrive/Asiri/keyPoints/රතු/Red4.csv,1,රතු
/content/drive/MyDrive/Asiri/keyPoints/රතු/Red5.csv,1,රතු
/content/drive/MyDrive/Asiri/keyPoints/රතු/Red6.csv,1,රතු
/content/drive/MyDrive/Asiri/keyPoints/රතු/Red7.csv,1,රතු
/content/drive/MyDrive/Asiri/keyPoints/රතු/Red8.csv,1,රතු
/content/drive/MyDrive/Asiri/keyPoints/රතු/Red9.csv,2,රතු
/content/drive/MyDrive/Asiri/keyPoints/රතු/Red10.csv,1,රතු
/content/drive/MyDrive/Asiri/keyPoints/රතු/රතු 11.csv,1,රතු
/content/drive/MyDrive/Asiri/keyPoints/රතු/රතු 12.csv,1,රතු
/content/drive/MyDrive/Asiri/keyPoints/රතු/රතු 13.csv,1,රතු
/content/drive/MyDrive/Asiri/keyPoints/රතු/රතු 14.csv,1,රතු
/content/drive/MyDrive/Asiri/keyPoints/රතු/රතු 15.csv,1,රතු
/content/drive/MyDrive/Asiri/keyPoints/රතු/රතු 16.csv,1,රතු
/content/drive/MyDrive/Asiri/keyPoints/රතු/රතු 17.csv,1,රතු
/content/drive/MyDrive/Asiri/keyPoints/රතු/රතු 18.csv,1,රතු
/content/drive/MyDrive/Asiri/keyPoints/රතු/රතු 19.csv,1,රතු
/content/drive/MyDrive/Asiri/keyPoints/රතු/රතු 20.csv,1,රතු
/content/drive/MyDrive/Asiri/keyPoints/රතු/රතු 21.csv,1,රතු
/content/drive/MyDrive/Asiri/keyPoints/රතු/රතු 22.csv,1,රතු
/content/drive/MyDrive/Asiri/keyPoints/රතු/රතු 23.csv,1,රතු
/content/drive/MyDrive/Asiri/keyPoints/රතු/රතු 24.csv,1,රතු
/content/drive/MyDrive/Asiri/keyPoints/රතු/රතු 25.csv,1,රතු
/content/drive/MyDrive/Asiri/keyPoints/රතු/රතු 26.csv,1,රතු
/content/drive/MyDrive/Asiri/keyPoints/රතු/රතු 27.csv,1,රතු
/content/drive/MyDrive/Asiri/keyPoints/රතු/රතු 28.csv,2,රතු
/content/drive/MyDrive/Asiri/keyPoints/රතු/රතු 29.csv,1,රතු
/content/drive/MyDrive/Asiri/keyPoints/රතු/රතු 30.csv,2,රතු
/content/drive/MyDrive/Asiri/keyPoints/තැඹිලි/Orange1.csv,1,තැඹිලි
/content/drive/MyDrive/Asiri/keyPoints/තැඹිලි/Orange2.csv,1,තැඹිලි
/content/drive/MyDrive/Asiri/keyPoints/තැඹිලි/තැඹිලි 11.csv,1,තැඹිලි
/content/drive/MyDrive/Asiri/keyPoints/තැඹිලි/තැඹිලි 12.csv,1,තැඹිලි
/content/drive/MyDrive/Asiri/keyPoints/තැඹිලි/තැඹිලි 13.csv,1,තැඹිලි
/content/drive/MyDrive/Asiri/keyPoints/තැඹිලි/තැඹිලි 14.csv,1,තැඹිලි
/content/drive/MyDrive/Asiri/keyPoints/තැඹිලි/තැඹිලි 15.csv,1,තැඹිලි
/content/drive/MyDrive/Asiri/keyPoints/තැඹිලි/තැඹිලි 16.csv,1,තැඹිලි
/content/drive/MyDrive/Asiri/keyPoints/තැඹිලි/තැඹිලි 17.csv,2,තැඹිලි
/content/drive/MyDrive/Asiri/keyPoints/තැඹිලි/තැඹිලි 18.csv,1,තැඹිලි
/content/drive/MyDrive/Asiri/keyPoints/තැඹිලි/තැඹිලි 19.csv,1,තැඹිලි
/content/drive/MyDrive/Asiri/keyPoints/තැඹිලි/තැඹිලි 20.csv,1,තැඹිලි
/content/drive/MyDrive/Asiri/keyPoints/තැඹිලි/තැඹිලි 21.csv,1,තැඹිලි
/content/drive/MyDrive/Asiri/keyPoints/තැඹිලි/තැඹිලි 22.csv,1,තැඹිලි
/content/drive/MyDrive/Asiri/keyPoints/තැඹිලි/තැඹිලි 23.csv,1,තැඹිලි
/content/drive/MyDrive/Asiri/keyPoints/තැඹිලි/තැඹිලි 24.csv,1,තැඹිලි
/content/drive/MyDrive/Asiri/keyPoints/තැඹිලි/තැඹිලි 25.csv,1,තැඹිලි
/content/drive/MyDrive/Asiri/keyPoints/තැඹිලි/තැඹිලි 26.csv,1,තැඹිලි
/content/drive/MyDrive/Asiri/keyPoints/තැඹිලි/තැඹිලි 27.csv,2,තැඹිලි
/content/drive/MyDrive/Asiri/keyPoints/තැඹිලි/තැඹිලි 28.csv,1,තැඹිලි
/content/drive/MyDrive/Asiri/keyPoints/තැඹිලි/තැඹිලි 29.csv,1,තැඹිලි
/content/drive/MyDrive/Asiri/keyPoints/තැඹිලි/තැඹිලි 30.csv,2,තැඹිලි
/content/drive/MyDrive/Asiri/keyPoints/කොල/Green1.csv,1,කොල
/content/drive/MyDrive/Asiri/keyPoints/කොල/Green2.csv,1,කොල
/content/drive/MyDrive/Asiri/keyPoints/කොල/Green3.csv,1,කොල
/content/drive/MyDrive/Asiri/keyPoints/කොල/Green4.csv,1,කොල
/content/drive/MyDrive/Asiri/keyPoints/කොල/Green5.csv,1,කොල
/content/drive/MyDrive/Asiri/keyPoints/කොල/Green6.csv,1,කොල
/content/drive/MyDrive/Asiri/keyPoints/කොල/Green7.csv,1,කොල
/content/drive/MyDrive/Asiri/keyPoints/කොල/Green8.csv,1,කොල
/content/drive/MyDrive/Asiri/keyPoints/කොල/Green9.csv,2,කොල
/content/drive/MyDrive/Asiri/keyPoints/කොල/Green10.csv,1,කොල
/content/drive/MyDrive/Asiri/keyPoints/කොල/කොල 11.csv,1,කොල
/content/drive/MyDrive/Asiri/keyPoints/කොල/කොල 12.csv,1,කොල
/content/drive/MyDrive/Asiri/keyPoints/කොල/කොල 13.csv,1,කොල
/content/drive/MyDrive/Asiri/keyPoints/කොල/කොල 14.csv,1,කොල
/content/drive/MyDrive/Asiri/keyPoints/කොල/කොල 15.csv,1,කොල
/content/drive/MyDrive/Asiri/keyPoints/කොල/කොල 16.csv,1,කොල
/content/drive/MyDrive/Asiri/keyPoints/කොල/කොල 17.csv,1,කොල
/content/drive/MyDrive/Asiri/keyPoints/කොල/කොල 18.csv,1,කොල
/content/drive/MyDrive/Asiri/keyPoints/කොල/කොල 19.csv,1,කොල
/content/drive/MyDrive/Asiri/keyPoints/කොල/කොල 20.csv,1,කොල
/content/drive/MyDrive/Asiri/keyPoints/කොල/කොල 21.csv,1,කොල
/content/drive/MyDrive/Asiri/keyPoints/කොල/කොල 22.csv,1,කොල
/content/drive/MyDrive/Asiri/keyPoints/කොල/කොල 23.csv,1,කොල
/content/drive/MyDrive/Asiri/keyPoints/කොල/කොල 24.csv,1,කොල
/content/drive/MyDrive/Asiri/keyPoints/කොල/කොල 25.csv,1,කොල
/content/drive/MyDrive/Asiri/keyPoints/කොල/කොල 26.csv,1,කොල
/content/drive/MyDrive/Asiri/keyPoints/කොල/කොල 27.csv,2,කොල
/content/drive/MyDrive/Asiri/keyPoints/කොල/කොල 28.csv,1,කොල
/content/drive/MyDrive/Asiri/keyPoints/කොල/කොල 29.csv,1,කොල
/content/drive/MyDrive/Asiri/keyPoints/කොල/කොල 30.csv,2,කොල
/content/drive/MyDrive/Asiri/keyPoints/රන්වන්/Gold1.csv,1,රන්වන්
/content/drive/MyDrive/Asiri/keyPoints/රන්වන්/Gold2.csv,1,රන්වන්
/content/drive/MyDrive/Asiri/keyPoints/රන්වන්/Gold3.csv,1,රන්වන්
/content/drive/MyDrive/Asiri/keyPoints/රන්වන්/Gold4.csv,1,රන්වන්
/content/drive/MyDrive/Asiri/keyPoints/රන්වන්/Gold5.csv,1,රන්වන්
/content/drive/MyDrive/Asiri/keyPoints/රන්වන්/Gold6.csv,1,රන්වන්
/content/drive/MyDrive/Asiri/keyPoints/රන්වන්/Gold7.csv,1,රන්වන්
/content/drive/MyDrive/Asiri/keyPoints/රන්වන්/Gold8.csv,1,රන්වන්
/content/drive/MyDrive/Asiri/keyPoints/රන්වන්/Gold9.csv,1,රන්වන්
/content/drive/MyDrive/Asiri/keyPoints/රන්වන්/Gold10.csv,2,රන්වන්
/content/drive/MyDrive/Asiri/keyPoints/රන්වන්/රන්වන් 11.csv,1,රන්වන්
/content/drive/MyDrive/Asiri/keyPoints/රන්වන්/රන්වන් 12.csv,1,රන්වන්
/content/drive/MyDrive/Asiri/keyPoints/රන්වන්/රන්වන් 13.csv,1,රන්වන්
/content/drive/MyDrive/Asiri/keyPoints/රන්වන්/රන්වන් 14.csv,1,රන්වන්
/content/drive/MyDrive/Asiri/keyPoints/රන්වන්/රන්වන් 15.csv,1,රන්වන්
/content/drive/MyDrive/Asiri/keyPoints/රන්වන්/රන්වන් 16.csv,1,රන්වන්
/content/drive/MyDrive/Asiri/keyPoints/රන්වන්/රන්වන් 17.csv,1,රන්වන්
/content/drive/MyDrive/Asiri/keyPoints/රන්වන්/රන්වන් 18.csv,1,රන්වන්
/content/drive/MyDrive/Asiri/keyPoints/රන්වන්/රන්වන් 19.csv,1,රන්වන්
/content/drive/MyDrive/Asiri/keyPoints/රන්වන්/රන්වන් 20.csv,1,රන්වන්
/content/drive/MyDrive/Asiri/keyPoints/රන්වන්/රන්වන් 21.csv,1,රන්වන්
/content/drive/MyDrive/Asiri/keyPoints/රන්වන්/රන්වන් 22.csv,1,රන්වන්
/content/drive/MyDrive/Asiri/keyPoints/රන්වන්/රන්වන් 23.csv,1,රන්වන්
/content/drive/MyDrive/Asiri/keyPoints/රන්වන්/රන්වන් 24.csv,1,රන්වන්
/content/drive/MyDrive/Asiri/keyPoints/රන්වන්/රන්වන් 25.csv,1,රන්වන්
/content/drive/MyDrive/Asiri/keyPoints/රන්වන්/රන්වන් 26.csv,1,රන්වන්
/content/drive/MyDrive/Asiri/keyPoints/රන්වන්/රන්වන් 27.csv,2,රන්වන්
/content/drive/MyDrive/Asiri/keyPoints/රන්වන්/රන්වන් 28.csv,1,රන්වන්
/content/drive/MyDrive/Asiri/keyPoints/රන්වන්/රන්වන් 29.csv,1,රන්වන්
/content/drive/MyDrive/Asiri/keyPoints/රන්වන්/රන්වන් 30.csv,2,රන්වන්
/content/drive/MyDrive/Asiri/keyPoints/දුඹුරු/Brown1.csv,1,දුඹුරු
/content/drive/MyDrive/Asiri/keyPoints/දුඹුරු/Brown2.csv,1,දුඹුරු
/content/drive/MyDrive/Asiri/keyPoints/දුඹුරු/Brown3.csv,1,දුඹුරු
/content/drive/MyDrive/Asiri/keyPoints/දුඹුරු/Brown4.csv,1,දුඹුරු
/content/drive/MyDrive/Asiri/keyPoints/දුඹුරු/Brown5.csv,1,දුඹුරු
/content/drive/MyDrive/Asiri/keyPoints/දුඹුරු/Brown6.csv,1,දුඹුරු
/content/drive/MyDrive/Asiri/keyPoints/දුඹුරු/Brown7.csv,1,දුඹුරු
/content/drive/MyDrive/Asiri/keyPoints/දුඹුරු/Brown8.csv,1,දුඹුරු
/content/drive/MyDrive/Asiri/keyPoints/දුඹුරු/Brown9.csv,2,දුඹුරු
/content/drive/MyDrive/Asiri/keyPoints/දුඹුරු/Brown10.csv,1,දුඹුරු
/content/drive/MyDrive/Asiri/keyPoints/දුඹුරු/දුඹුරු 11.csv,1,දුඹුරු
/content/drive/MyDrive/Asiri/keyPoints/දුඹුරු/දුඹුරු 12.csv,1,දුඹුරු
/content/drive/MyDrive/Asiri/keyPoints/දුඹුරු/දුඹුරු 13.csv,1,දුඹුරු
/content/drive/MyDrive/Asiri/keyPoints/දුඹුරු/දුඹුරු 14.csv,1,දුඹුරු
/content/drive/MyDrive/Asiri/keyPoints/දුඹුරු/දුඹුරු 15.csv,1,දුඹුරු
/content/drive/MyDrive/Asiri/keyPoints/දුඹුරු/දුඹුරු 16.csv,1,දුඹුරු
/content/drive/MyDrive/Asiri/keyPoints/දුඹුරු/දුඹුරු 17.csv,1,දුඹුරු
/content/drive/MyDrive/Asiri/keyPoints/දුඹුරු/දුඹුරු 18.csv,1,දුඹුරු
/content/drive/MyDrive/Asiri/keyPoints/දුඹුරු/දුඹුරු 19.csv,1,දුඹුරු
/content/drive/MyDrive/Asiri/keyPoints/දුඹුරු/දුඹුරු 20.csv,1,දුඹුරු
/content/drive/MyDrive/Asiri/keyPoints/දුඹුරු/දුඹුරු 21.csv,1,දුඹුරු
/content/drive/MyDrive/Asiri/keyPoints/දුඹුරු/දුඹුරු 22.csv,1,දුඹුරු
/content/drive/MyDrive/Asiri/keyPoints/දුඹුරු/දුඹුරු 23.csv,1,දුඹුරු
/content/drive/MyDrive/Asiri/keyPoints/දුඹුරු/දුඹුරු 24.csv,1,දුඹුරු
/content/drive/MyDrive/Asiri/keyPoints/දුඹුරු/දුඹුරු 25.csv,1,දුඹුරු
/content/drive/MyDrive/Asiri/keyPoints/දුඹුරු/දුඹුරු 26.csv,1,දුඹුරු
/content/drive/MyDrive/Asiri/keyPoints/දුඹුරු/දුඹුරු 27.csv,2,දුඹුරු
/content/drive/MyDrive/Asiri/keyPoints/දුඹුරු/දුඹුරු 28.csv,1,දුඹුරු
/content/drive/MyDrive/Asiri/keyPoints/දුඹුරු/දුඹුරු 29.csv,1,දුඹුරු
/content/drive/MyDrive/Asiri/keyPoints/දුඹුරු/දුඹුරු 30.csv,2,දුඹුරු
/content/drive/MyDrive/Asiri/keyPoints/නිල්/Blue1.csv,1,නිල්
/content/drive/MyDrive/Asiri/keyPoints/නිල්/Blue2.csv,1,නිල්
/content/drive/MyDrive/Asiri/keyPoints/නිල්/Blue3.csv,1,නිල්
/content/drive/MyDrive/Asiri/keyPoints/නිල්/Blue4.csv,1,නිල්
/content/drive/MyDrive/Asiri/keyPoints/නිල්/Blue5.csv,1,නිල්
/content/drive/MyDrive/Asiri/keyPoints/නිල්/Blue6.csv,1,නිල්
/content/drive/MyDrive/Asiri/keyPoints/නිල්/Blue7.csv,1,නිල්
/content/drive/MyDrive/Asiri/keyPoints/නිල්/Blue8.csv,1,නිල්
/content/drive/MyDrive/Asiri/keyPoints/නිල්/Blue9.csv,2,නිල්
/content/drive/MyDrive/Asiri/keyPoints/නිල්/Blue10.csv,1,නිල්
/content/drive/MyDrive/Asiri/keyPoints/නිල්/නිල් 11.csv,1,නිල්
/content/drive/MyDrive/Asiri/keyPoints/නිල්/නිල් 12.csv,1,නිල්
/content/drive/MyDrive/Asiri/keyPoints/නිල්/නිල් 13.csv,1,නිල්
/content/drive/MyDrive/Asiri/keyPoints/නිල්/නිල් 14.csv,1,නිල්
/content/drive/MyDrive/Asiri/keyPoints/නිල්/නිල් 15.csv,1,නිල්
/content/drive/MyDrive/Asiri/keyPoints/නිල්/නිල් 16.csv,1,නිල්
/content/drive/MyDrive/Asiri/keyPoints/නිල්/නිල් 17.csv,1,නිල්
/content/drive/MyDrive/Asiri/keyPoints/නිල්/නිල් 18.csv,1,නිල්
/content/drive/MyDrive/Asiri/keyPoints/නිල්/නිල් 19.csv,1,නිල්
/content/drive/MyDrive/Asiri/keyPoints/නිල්/නිල් 20.csv,1,නිල්
/content/drive/MyDrive/Asiri/keyPoints/නිල්/නිල් 21.csv,1,නිල්
/content/drive/MyDrive/Asiri/keyPoints/නිල්/නිල් 22.csv,1,නිල්
/content/drive/MyDrive/Asiri/keyPoints/නිල්/නිල් 23.csv,1,නිල්
/content/drive/MyDrive/Asiri/keyPoints/නිල්/නිල් 24.csv,1,නිල්
/content/drive/MyDrive/Asiri/keyPoints/නිල්/නිල් 25.csv,1,නිල්
/content/drive/MyDrive/Asiri/keyPoints/නිල්/නිල් 26.csv,1,නිල්
/content/drive/MyDrive/Asiri/keyPoints/නිල්/නිල් 27.csv,1,නිල්
/content/drive/MyDrive/Asiri/keyPoints/නිල්/නිල් 28.csv,2,නිල්
/content/drive/MyDrive/Asiri/keyPoints/නිල්/නිල් 29.csv,1,නිල්
/content/drive/MyDrive/Asiri/keyPoints/නිල්/නිල් 30.csv,2,නිල්
/content/drive/MyDrive/Asiri/keyPoints/කලු/Black1.csv,1,කලු
/content/drive/MyDrive/Asiri/keyPoints/කලු/Black2.csv,1,කලු
/content/drive/MyDrive/Asiri/keyPoints/කලු/Black3.csv,1,කලු
/content/drive/MyDrive/Asiri/keyPoints/කලු/Black4.csv,1,කලු
/content/drive/MyDrive/Asiri/keyPoints/කලු/Black5.csv,1,කලු
/content/drive/MyDrive/Asiri/keyPoints/කලු/Black6.csv,1,කලු
/content/drive/MyDrive/Asiri/keyPoints/කලු/Black7.csv,1,කලු
/content/drive/MyDrive/Asiri/keyPoints/කලු/Black8.csv,1,කලු
/content/drive/MyDrive/Asiri/keyPoints/කලු/Black9.csv,2,කලු
/content/drive/MyDrive/Asiri/keyPoints/කලු/Black10.csv,1,කලු
/content/drive/MyDrive/Asiri/keyPoints/කලු/කලු 11.csv,1,කලු
/content/drive/MyDrive/Asiri/keyPoints/කලු/කලු 12.csv,1,කලු
/content/drive/MyDrive/Asiri/keyPoints/කලු/කලු 13.csv,1,කලු
/content/drive/MyDrive/Asiri/keyPoints/කලු/කලු 14.csv,1,කලු
/content/drive/MyDrive/Asiri/keyPoints/කලු/කලු 15.csv,1,කලු
/content/drive/MyDrive/Asiri/keyPoints/කලු/කලු 16.csv,1,කලු
/content/drive/MyDrive/Asiri/keyPoints/කලු/කලු 17.csv,1,කලු
/content/drive/MyDrive/Asiri/keyPoints/කලු/කලු 18.csv,1,කලු
/content/drive/MyDrive/Asiri/keyPoints/කලු/කලු 19.csv,1,කලු
/content/drive/MyDrive/Asiri/keyPoints/කලු/කලු 20.csv,1,කලු
/content/drive/MyDrive/Asiri/keyPoints/කලු/කලු 21.csv,1,කලු
/content/drive/MyDrive/Asiri/keyPoints/කලු/කලු 22.csv,1,කලු
/content/drive/MyDrive/Asiri/keyPoints/කලු/කලු 23.csv,1,කලු
/content/drive/MyDrive/Asiri/keyPoints/කලු/කලු 24.csv,1,කලු
/content/drive/MyDrive/Asiri/keyPoints/කලු/කලු 25.csv,1,කලු
/content/drive/MyDrive/Asiri/keyPoints/කලු/කලු 26.csv,1,කලු
/content/drive/MyDrive/Asiri/keyPoints/කලු/කලු 27.csv,2,කලු
/content/drive/MyDrive/Asiri/keyPoints/කලු/කලු 28.csv,1,කලු
/content/drive/MyDrive/Asiri/keyPoints/කලු/කලු 29.csv,1,කලු
/content/drive/MyDrive/Asiri/keyPoints/කලු/කලු 30.csv,2,කලු
/content/drive/MyDrive/Asiri/keyPoints/හොඳයි/හොඳයි 1.csv,1,හොඳයි
/content/drive/MyDrive/Asiri/keyPoints/හොඳයි/හොඳයි 2.csv,1,හොඳයි
/content/drive/MyDrive/Asiri/keyPoints/හොඳයි/හොඳයි 3.csv,1,හොඳයි
/content/drive/MyDrive/Asiri/keyPoints/හොඳයි/හොඳයි 4.csv,1,හොඳයි
/content/drive/MyDrive/Asiri/keyPoints/හොඳයි/හොඳයි 5.csv,1,හොඳයි
/content/drive/MyDrive/Asiri/keyPoints/හොඳයි/හොඳයි 6.csv,1,හොඳයි
/content/drive/MyDrive/Asiri/keyPoints/හොඳයි/හොඳයි 7.csv,1,හොඳයි
/content/drive/MyDrive/Asiri/keyPoints/හොඳයි/හොඳයි 8.csv,1,හොඳයි
/content/drive/MyDrive/Asiri/keyPoints/හොඳයි/හොඳයි 9.csv,1,හොඳයි
/content/drive/MyDrive/Asiri/keyPoints/හොඳයි/හොඳයි 10.csv,1,හොඳයි
/content/drive/MyDrive/Asiri/keyPoints/හොඳයි/හොඳයි 11.csv,1,හොඳයි
/content/drive/MyDrive/Asiri/keyPoints/හොඳයි/හොඳයි 12.csv,1,හොඳයි
/content/drive/MyDrive/Asiri/keyPoints/හොඳයි/හොඳයි 13.csv,1,හොඳයි
/content/drive/MyDrive/Asiri/keyPoints/හොඳයි/හොඳයි 14.csv,1,හොඳයි
/content/drive/MyDrive/Asiri/keyPoints/හොඳයි/හොඳයි 15.csv,1,හොඳයි
/content/drive/MyDrive/Asiri/keyPoints/හොඳයි/හොඳයි 16.csv,1,හොඳයි
/content/drive/MyDrive/Asiri/keyPoints/හොඳයි/හොඳයි 17.csv,1,හොඳයි
/content/drive/MyDrive/Asiri/keyPoints/හොඳයි/හොඳයි 18.csv,1,හොඳයි
/content/drive/MyDrive/Asiri/keyPoints/හොඳයි/හොඳයි 19.csv,1,හොඳයි
/content/drive/MyDrive/Asiri/keyPoints/හොඳයි/හොඳයි 20.csv,1,හොඳයි
/content/drive/MyDrive/Asiri/keyPoints/හොඳයි/හොඳයි 21.csv,1,හොඳයි
/content/drive/MyDrive/Asiri/keyPoints/හොඳයි/හොඳයි 22.csv,1,හොඳයි
/content/drive/MyDrive/Asiri/keyPoints/හොඳයි/හොඳයි 23.csv,1,හොඳයි
/content/drive/MyDrive/Asiri/keyPoints/හොඳයි/හොඳයි 24.csv,1,හොඳයි
/content/drive/MyDrive/Asiri/keyPoints/හොඳයි/හොඳයි 25.csv,1,හොඳයි
/content/drive/MyDrive/Asiri/keyPoints/හොඳයි/හොඳයි 26.csv,1,හොඳයි
/content/drive/MyDrive/Asiri/keyPoints/හොඳයි/හොඳයි 27.csv,1,හොඳයි
/content/drive/MyDrive/Asiri/keyPoints/හොඳයි/හොඳයි 28.csv,1,හොඳයි
/content/drive/MyDrive/Asiri/keyPoints/හොඳයි/හොඳයි 29.csv,1,හොඳයි
/content/drive/MyDrive/Asiri/keyPoints/හොඳයි/හොඳයි 30.csv,1,හොඳයි
/content/drive/MyDrive/Asiri/keyPoints/හොඳ නැ/හොඳ නැ 2.csv,1,හොඳ නැ
/content/drive/MyDrive/Asiri/keyPoints/හොඳ නැ/හොඳ නැ 3.csv,1,හොඳ නැ
/content/drive/MyDrive/Asiri/keyPoints/හොඳ නැ/හොඳ නැ 4.csv,1,හොඳ නැ
/content/drive/MyDrive/Asiri/keyPoints/හොඳ නැ/හොඳ නැ 5.csv,1,හොඳ නැ
/content/drive/MyDrive/Asiri/keyPoints/හොඳ නැ/හොඳ නැ 6.csv,1,හොඳ නැ
/content/drive/MyDrive/Asiri/keyPoints/හොඳ නැ/හොඳ නැ 7.csv,1,හොඳ නැ
/content/drive/MyDrive/Asiri/keyPoints/හොඳ නැ/හොඳ නැ 8.csv,1,හොඳ නැ
/content/drive/MyDrive/Asiri/keyPoints/හොඳ නැ/හොඳ නැ 10.csv,1,හොඳ නැ
/content/drive/MyDrive/Asiri/keyPoints/හොඳ නැ/හොඳ නැ_9.csv,1,හොඳ නැ
/content/drive/MyDrive/Asiri/keyPoints/හොඳ නැ/හොඳනැ_1.csv,1,හොඳ නැ
/content/drive/MyDrive/Asiri/keyPoints/හොඳ නැ/හොඳ නැ 12.csv,1,හොඳ නැ
/content/drive/MyDrive/Asiri/keyPoints/හොඳ නැ/හොඳ නැ 13.csv,1,හොඳ නැ
/content/drive/MyDrive/Asiri/keyPoints/හොඳ නැ/හොඳ නැ 14.csv,1,හොඳ නැ
/content/drive/MyDrive/Asiri/keyPoints/හොඳ නැ/හොඳ නැ 15.csv,1,හොඳ නැ
/content/drive/MyDrive/Asiri/keyPoints/හොඳ නැ/හොඳ නැ 16.csv,1,හොඳ නැ
/content/drive/MyDrive/Asiri/keyPoints/හොඳ නැ/හොඳ නැ 17.csv,1,හොඳ නැ
/content/drive/MyDrive/Asiri/keyPoints/හොඳ නැ/හොඳ නැ 18.csv,1,හොඳ නැ
/content/drive/MyDrive/Asiri/keyPoints/හොඳ නැ/හොඳ නැ 19.csv,1,හොඳ නැ
/content/drive/MyDrive/Asiri/keyPoints/හොඳ නැ/හොඳ නැ 20.csv,1,හොඳ නැ
/content/drive/MyDrive/Asiri/keyPoints/හොඳ නැ/හොඳ නැ 21.csv,1,හොඳ නැ
/content/drive/MyDrive/Asiri/keyPoints/හොඳ නැ/හොඳ නැ 22.csv,1,හොඳ නැ
/content/drive/MyDrive/Asiri/keyPoints/හොඳ නැ/හොඳ නැ 23.csv,1,හොඳ නැ
/content/drive/MyDrive/Asiri/keyPoints/හොඳ නැ/හොඳ නැ 24.csv,1,හොඳ නැ
/content/drive/MyDrive/Asiri/keyPoints/හොඳ නැ/හොඳ නැ 25.csv,1,හොඳ නැ
/content/drive/MyDrive/Asiri/keyPoints/හොඳ නැ/හොඳ නැ 26.csv,1,හොඳ නැ
/content/drive/MyDrive/Asiri/keyPoints/හොඳ නැ/හොඳ නැ 27.csv,1,හොඳ නැ
/content/drive/MyDrive/Asiri/keyPoints/හොඳ නැ/හොඳ නැ 28.csv,1,හොඳ නැ
/content/drive/MyDrive/Asiri/keyPoints/හොඳ නැ/හොඳ නැ 29.csv,1,හොඳ නැ
/content/drive/MyDrive/Asiri/keyPoints/හොඳ නැ/හොඳ නැ 30.csv,1,හොඳ නැ
/content/drive/MyDrive/Asiri/keyPoints/සුභ සන්ධ්‍යාවක්/සුභ සන්ධ්‍යාවක් 1.csv,1,සුභ සන්ධ්‍යාවක්
/content/drive/MyDrive/Asiri/keyPoints/සුභ සන්ධ්‍යාවක්/සුභ සන්ධ්‍යාවක් 2.csv,1,සුභ සන්ධ්‍යාවක්
/content/drive/MyDrive/Asiri/keyPoints/සුභ සන්ධ්‍යාවක්/සුභ සන්ධ්‍යාවක් 3.csv,1,සුභ සන්ධ්‍යාවක්
/content/drive/MyDrive/Asiri/keyPoints/සුභ සන්ධ්‍යාවක්/සුභ සන්ධ්‍යාවක් 4.csv,1,සුභ සන්ධ්‍යාවක්
/content/drive/MyDrive/Asiri/keyPoints/සුභ සන්ධ්‍යාවක්/සුභ සන්ධ්‍යාවක් 5.csv,1,සුභ සන්ධ්‍යාවක්
/content/drive/MyDrive/Asiri/keyPoints/සුභ සන්ධ්‍යාවක්/සුභ සන්ධ්‍යාවක් 6.csv,1,සුභ සන්ධ්‍යාවක්
/content/drive/MyDrive/Asiri/keyPoints/සුභ සන්ධ්‍යාවක්/සුභ සන්ධ්‍යාවක් 7.csv,1,සුභ සන්ධ්‍යාවක්
/content/drive/MyDrive/Asiri/keyPoints/සුභ සන්ධ්‍යාවක්/සුභ සන්ධ්‍යාවක් 8.csv,1,සුභ සන්ධ්‍යාවක්
/content/drive/MyDrive/Asiri/keyPoints/සුභ සන්ධ්‍යාවක්/සුභ සන්ධ්‍යාවක් 9.csv,1,සුභ සන්ධ්‍යාවක්
/content/drive/MyDrive/Asiri/keyPoints/සුභ සන්ධ්‍යාවක්/සුභ සන්ධ්‍යාවක් 10.csv,1,සුභ සන්ධ්‍යාවක්
/content/drive/MyDrive/Asiri/keyPoints/සුභ සන්ධ්‍යාවක්/සුභ සන්ධ්‍යාවක් 11.csv,1,සුභ සන්ධ්‍යාවක්
/content/drive/MyDrive/Asiri/keyPoints/සුභ සන්ධ්‍යාවක්/සුභ සන්ධ්‍යාවක් 12.csv,1,සුභ සන්ධ්‍යාවක්
/content/drive/MyDrive/Asiri/keyPoints/සුභ සන්ධ්‍යාවක්/සුභ සන්ධ්‍යාවක් 13.csv,1,සුභ සන්ධ්‍යාවක්
/content/drive/MyDrive/Asiri/keyPoints/සුභ සන්ධ්‍යාවක්/සුභ සන්ධ්‍යාවක් 14.csv,1,සුභ සන්ධ්‍යාවක්
/content/drive/MyDrive/Asiri/keyPoints/සුභ සන්ධ්‍යාවක්/සුභ සන්ධ්‍යාවක් 15.csv,1,සුභ සන්ධ්‍යාවක්
/content/drive/MyDrive/Asiri/keyPoints/සුභ සන්ධ්‍යාවක්/සුභ සන්ධ්‍යාවක් 16.csv,1,සුභ සන්ධ්‍යාවක්
/content/drive/MyDrive/Asiri/keyPoints/සුභ සන්ධ්‍යාවක්/සුභ සන්ධ්‍යාවක් 17.csv,1,සුභ සන්ධ්‍යාවක්
/content/drive/MyDrive/Asiri/keyPoints/සුභ සන්ධ්‍යාවක්/සුභ සන්ධ්‍යාවක් 18.csv,1,සුභ සන්ධ්‍යාවක්
/content/drive/MyDrive/Asiri/keyPoints/සුභ සන්ධ්‍යාවක්/සුභ සන්ධ්‍යාවක් 19.csv,1,සුභ සන්ධ්‍යාවක්
/content/drive/MyDrive/Asiri/keyPoints/සුභ සන්ධ්‍යාවක්/සුභ සන්ධ්‍යාවක් 20.csv,1,සුභ සන්ධ්‍යාවක්
/content/drive/MyDrive/Asiri/keyPoints/සුභ සන්ධ්‍යාවක්/සුභ සන්ධ්‍යාවක් 21.csv,1,සුභ සන්ධ්‍යාවක්
/content/drive/MyDrive/Asiri/keyPoints/සුභ සන්ධ්‍යාවක්/සුභ සන්ධ්‍යාවක් 22.csv,1,සුභ සන්ධ්‍යාවක්
/content/drive/MyDrive/Asiri/keyPoints/සුභ සන්ධ්‍යාවක්/සුභ සන්ධ්‍යාවක් 23.csv,1,සුභ සන්ධ්‍යාවක්
/content/drive/MyDrive/Asiri/keyPoints/සුභ සන්ධ්‍යාවක්/සුභ සන්ධ්‍යාවක් 24.csv,1,සුභ සන්ධ්‍යාවක්
/content/drive/MyDrive/Asiri/keyPoints/සුභ සන්ධ්‍යාවක්/සුභ සන්ධ්‍යාවක් 25.csv,1,සුභ සන්ධ්‍යාවක්
/content/drive/MyDrive/Asiri/keyPoints/සුභ සන්ධ්‍යාවක්/සුභ සන්ධ්‍යාවක් 26.csv,1,සුභ සන්ධ්‍යාවක්
/content/drive/MyDrive/Asiri/keyPoints/සුභ සන්ධ්‍යාවක්/සුභ සන්ධ්‍යාවක් 27.csv,1,සුභ සන්ධ්‍යාවක්
/content/drive/MyDrive/Asiri/keyPoints/සුභ සන්ධ්‍යාවක්/සුභ සන්ධ්‍යාවක් 28.csv,1,සුභ සන්ධ්‍යාවක්
/content/drive/MyDrive/Asiri/keyPoints/සුභ සන්ධ්‍යාවක්/සුභ සන්ධ්‍යාවක් 29.csv,1,සුභ සන්ධ්‍යාවක්
/content/drive/MyDrive/Asiri/keyPoints/සුභ සන්ධ්‍යාවක්/සුභ සන්ධ්‍යාවක් 30.csv,1,සුභ සන්ධ්‍යාවක්
/content/drive/MyDrive/Asiri/keyPoints/සුභ උදෑසනක්/සුභ උදෑසනක් 1.csv,1,සුභ උදෑසනක්
/content/drive/MyDrive/Asiri/keyPoints/සුභ උදෑසනක්/සුභ උදෑසනක් 2.csv,1,සුභ උදෑසනක්
/content/drive/MyDrive/Asiri/keyPoints/සුභ උදෑසනක්/සුභ උදෑසනක් 3.csv,1,සුභ උදෑසනක්
/content/drive/MyDrive/Asiri/keyPoints/සුභ උදෑසනක්/සුභ උදෑසනක් 4.csv,1,සුභ උදෑසනක්
/content/drive/MyDrive/Asiri/keyPoints/සුභ උදෑසනක්/සුභ උදෑසනක් 5.csv,1,සුභ උදෑසනක්
/content/drive/MyDrive/Asiri/keyPoints/සුභ උදෑසනක්/සුභ උදෑසනක් 6.csv,1,සුභ උදෑසනක්
/content/drive/MyDrive/Asiri/keyPoints/සුභ උදෑසනක්/සුභ උදෑසනක් 7.csv,1,සුභ උදෑසනක්
/content/drive/MyDrive/Asiri/keyPoints/සුභ උදෑසනක්/සුභ උදෑසනක් 8.csv,1,සුභ උදෑසනක්
/content/drive/MyDrive/Asiri/keyPoints/සුභ උදෑසනක්/සුභ උදෑසනක් 9.csv,1,සුභ උදෑසනක්
/content/drive/MyDrive/Asiri/keyPoints/සුභ උදෑසනක්/සුභ උදෑසනක් 10.csv,1,සුභ උදෑසනක්
/content/drive/MyDrive/Asiri/keyPoints/සුභ උදෑසනක්/සුභ උදෑසනක් 11.csv,1,සුභ උදෑසනක්
/content/drive/MyDrive/Asiri/keyPoints/සුභ උදෑසනක්/සුභ උදෑසනක් 12.csv,1,සුභ උදෑසනක්
/content/drive/MyDrive/Asiri/keyPoints/සුභ උදෑසනක්/සුභ උදෑසනක් 13.csv,1,සුභ උදෑසනක්
/content/drive/MyDrive/Asiri/keyPoints/සුභ උදෑසනක්/සුභ උදෑසනක් 14.csv,1,සුභ උදෑසනක්
/content/drive/MyDrive/Asiri/keyPoints/සුභ උදෑසනක්/සුභ උදෑසනක් 15.csv,1,සුභ උදෑසනක්
/content/drive/MyDrive/Asiri/keyPoints/සුභ උදෑසනක්/සුභ උදෑසනක් 16.csv,1,සුභ උදෑසනක්
/content/drive/MyDrive/Asiri/keyPoints/සුභ උදෑසනක්/සුභ උදෑසනක් 17.csv,1,සුභ උදෑසනක්
/content/drive/MyDrive/Asiri/keyPoints/සුභ උදෑසනක්/සුභ උදෑසනක් 18.csv,1,සුභ උදෑසනක්
/content/drive/MyDrive/Asiri/keyPoints/සුභ උදෑසනක්/සුභ උදෑසනක් 19.csv,1,සුභ උදෑසනක්
/content/drive/MyDrive/Asiri/keyPoints/සුභ උදෑසනක්/සුභ උදෑසනක් 20.csv,1,සුභ උදෑසනක්
/content/drive/MyDrive/Asiri/keyPoints/සුභ උදෑසනක්/සුභ උදෑසනක් 21.csv,1,සුභ උදෑසනක්
/content/drive/MyDrive/Asiri/keyPoints/සුභ උදෑසනක්/සුභ උදෑසනක් 22.csv,1,සුභ උදෑසනක්
/content/drive/MyDrive/Asiri/keyPoints/සුභ උදෑසනක්/සුභ උදෑසනක් 23.csv,1,සුභ උදෑසනක්
/content/drive/MyDrive/Asiri/keyPoints/සුභ උදෑසනක්/සුභ උදෑසනක් 24.csv,1,සුභ උදෑසනක්
/content/drive/MyDrive/Asiri/keyPoints/සුභ උදෑසනක්/සුභ උදෑසනක් 25.csv,1,සුභ උදෑසනක්
/content/drive/MyDrive/Asiri/keyPoints/සුභ උදෑසනක්/සුභ උදෑසනක් 26.csv,1,සුභ උදෑසනක්
/content/drive/MyDrive/Asiri/keyPoints/සුභ උදෑසනක්/සුභ උදෑසනක් 27.csv,1,සුභ උදෑසනක්
/content/drive/MyDrive/Asiri/keyPoints/සුභ උදෑසනක්/සුභ උදෑසනක් 28.csv,1,සුභ උදෑසනක්
/content/drive/MyDrive/Asiri/keyPoints/සුභ උදෑසනක්/සුභ උදෑසනක් 29.csv,1,සුභ උදෑසනක්
/content/drive/MyDrive/Asiri/keyPoints/සුභ උදෑසනක්/සුභ උදෑසනක් 30.csv,1,සුභ උදෑසනක්
/content/drive/MyDrive/Asiri/keyPoints/යන්න/යන්න 1.csv,1,යන්න
/content/drive/MyDrive/Asiri/keyPoints/යන්න/යන්න 2.csv,1,යන්න
/content/drive/MyDrive/Asiri/keyPoints/යන්න/යන්න 3.csv,1,යන්න
/content/drive/MyDrive/Asiri/keyPoints/යන්න/යන්න 4.csv,1,යන්න
/content/drive/MyDrive/Asiri/keyPoints/යන්න/යන්න 5.csv,1,යන්න
/content/drive/MyDrive/Asiri/keyPoints/යන්න/යන්න 6.csv,1,යන්න
/content/drive/MyDrive/Asiri/keyPoints/යන්න/යන්න 7.csv,1,යන්න
/content/drive/MyDrive/Asiri/keyPoints/යන්න/යන්න 8.csv,1,යන්න
/content/drive/MyDrive/Asiri/keyPoints/යන්න/යන්න 9.csv,1,යන්න
/content/drive/MyDrive/Asiri/keyPoints/යන්න/යන්න 10.csv,1,යන්න
/content/drive/MyDrive/Asiri/keyPoints/යන්න/යන්න 11.csv,1,යන්න
/content/drive/MyDrive/Asiri/keyPoints/යන්න/යන්න 12.csv,1,යන්න
/content/drive/MyDrive/Asiri/keyPoints/යන්න/යන්න 13.csv,1,යන්න
/content/drive/MyDrive/Asiri/keyPoints/යන්න/යන්න 14.csv,1,යන්න
/content/drive/MyDrive/Asiri/keyPoints/යන්න/යන්න 15.csv,1,යන්න
/content/drive/MyDrive/Asiri/keyPoints/යන්න/යන්න 16.csv,1,යන්න
/content/drive/MyDrive/Asiri/keyPoints/යන්න/යන්න 17.csv,1,යන්න
/content/drive/MyDrive/Asiri/keyPoints/යන්න/යන්න 18.csv,1,යන්න
/content/drive/MyDrive/Asiri/keyPoints/යන්න/යන්න 19.csv,1,යන්න
/content/drive/MyDrive/Asiri/keyPoints/යන්න/යන්න 20.csv,1,යන්න
/content/drive/MyDrive/Asiri/keyPoints/යන්න/යන්න 21.csv,1,යන්න
/content/drive/MyDrive/Asiri/keyPoints/යන්න/යන්න 22.csv,1,යන්න
/content/drive/MyDrive/Asiri/keyPoints/යන්න/යන්න 23.csv,1,යන්න
/content/drive/MyDrive/Asiri/keyPoints/යන්න/යන්න 24.csv,1,යන්න
/content/drive/MyDrive/Asiri/keyPoints/යන්න/යන්න 25.csv,1,යන්න
/content/drive/MyDrive/Asiri/keyPoints/යන්න/යන්න 26.csv,1,යන්න
/content/drive/MyDrive/Asiri/keyPoints/යන්න/යන්න 27.csv,1,යන්න
/content/drive/MyDrive/Asiri/keyPoints/යන්න/යන්න 28.csv,1,යන්න
/content/drive/MyDrive/Asiri/keyPoints/යන්න/යන්න 29.csv,1,යන්න
/content/drive/MyDrive/Asiri/keyPoints/යන්න/යන්න 30.csv,1,යන්න
/content/drive/MyDrive/Asiri/keyPoints/බෑ/බෑ 1.csv,1,බෑ
/content/drive/MyDrive/Asiri/keyPoints/බෑ/බෑ 2.csv,1,බෑ
/content/drive/MyDrive/Asiri/keyPoints/බෑ/බෑ 3.csv,1,බෑ
/content/drive/MyDrive/Asiri/keyPoints/බෑ/බෑ 4.csv,1,බෑ
/content/drive/MyDrive/Asiri/keyPoints/බෑ/බෑ 5.csv,1,බෑ
/content/drive/MyDrive/Asiri/keyPoints/බෑ/බෑ 6.csv,1,බෑ
/content/drive/MyDrive/Asiri/keyPoints/බෑ/බෑ 7.csv,1,බෑ
/content/drive/MyDrive/Asiri/keyPoints/බෑ/බෑ 8.csv,1,බෑ
/content/drive/MyDrive/Asiri/keyPoints/බෑ/බෑ 9.csv,1,බෑ
/content/drive/MyDrive/Asiri/keyPoints/බෑ/බෑ 10.csv,1,බෑ
/content/drive/MyDrive/Asiri/keyPoints/බෑ/බෑ 11.csv,1,බෑ
/content/drive/MyDrive/Asiri/keyPoints/බෑ/බෑ 12.csv,1,බෑ
/content/drive/MyDrive/Asiri/keyPoints/බෑ/බෑ 13.csv,1,බෑ
/content/drive/MyDrive/Asiri/keyPoints/බෑ/බෑ 14.csv,1,බෑ
/content/drive/MyDrive/Asiri/keyPoints/බෑ/බෑ 15.csv,1,බෑ
/content/drive/MyDrive/Asiri/keyPoints/බෑ/බෑ 16.csv,1,බෑ
/content/drive/MyDrive/Asiri/keyPoints/බෑ/බෑ 17.csv,1,බෑ
/content/drive/MyDrive/Asiri/keyPoints/බෑ/බෑ 18.csv,1,බෑ
/content/drive/MyDrive/Asiri/keyPoints/බෑ/බෑ 19.csv,1,බෑ
/content/drive/MyDrive/Asiri/keyPoints/බෑ/බෑ 20.csv,1,බෑ
/content/drive/MyDrive/Asiri/keyPoints/බෑ/බෑ 21.csv,1,බෑ
/content/drive/MyDrive/Asiri/keyPoints/බෑ/බෑ 22.csv,1,බෑ
/content/drive/MyDrive/Asiri/keyPoints/බෑ/බෑ 23.csv,1,බෑ
/content/drive/MyDrive/Asiri/keyPoints/බෑ/බෑ 24.csv,1,බෑ
/content/drive/MyDrive/Asiri/keyPoints/බෑ/බෑ 25.csv,1,බෑ
/content/drive/MyDrive/Asiri/keyPoints/බෑ/බෑ 26.csv,1,බෑ
/content/drive/MyDrive/Asiri/keyPoints/බෑ/බෑ 27.csv,1,බෑ
/content/drive/MyDrive/Asiri/keyPoints/බෑ/බෑ 28.csv,1,බෑ
/content/drive/MyDrive/Asiri/keyPoints/බෑ/බෑ 29.csv,1,බෑ
/content/drive/MyDrive/Asiri/keyPoints/බෑ/බෑ 30.csv,1,බෑ
/content/drive/MyDrive/Asiri/keyPoints/පුලුවන්/පුලුවන් 1.csv,1,පුලුවන්
/content/drive/MyDrive/Asiri/keyPoints/පුලුවන්/පුලුවන් 2.csv,1,පුලුවන්
/content/drive/MyDrive/Asiri/keyPoints/පුලුවන්/පුලුවන් 3.csv,1,පුලුවන්
/content/drive/MyDrive/Asiri/keyPoints/පුලුවන්/පුලුවන් 4.csv,1,පුලුවන්
/content/drive/MyDrive/Asiri/keyPoints/පුලුවන්/පුලුවන් 5.csv,1,පුලුවන්
/content/drive/MyDrive/Asiri/keyPoints/පුලුවන්/පුලුවන් 6.csv,1,පුලුවන්
/content/drive/MyDrive/Asiri/keyPoints/පුලුවන්/පුලුවන් 7.csv,1,පුලුවන්
/content/drive/MyDrive/Asiri/keyPoints/පුලුවන්/පුලුවන් 8.csv,1,පුලුවන්
/content/drive/MyDrive/Asiri/keyPoints/පුලුවන්/පුලුවන් 9.csv,1,පුලුවන්
/content/drive/MyDrive/Asiri/keyPoints/පුලුවන්/පුලුවන් 10.csv,1,පුලුවන්
/content/drive/MyDrive/Asiri/keyPoints/පුලුවන්/පුලුවන් 11.csv,1,පුලුවන්
/content/drive/MyDrive/Asiri/keyPoints/පුලුවන්/පුලුවන් 12.csv,1,පුලුවන්
/content/drive/MyDrive/Asiri/keyPoints/පුලුවන්/පුලුවන් 13.csv,1,පුලුවන්
/content/drive/MyDrive/Asiri/keyPoints/පුලුවන්/පුලුවන් 14.csv,1,පුලුවන්
/content/drive/MyDrive/Asiri/keyPoints/පුලුවන්/පුලුවන් 15.csv,1,පුලුවන්
/content/drive/MyDrive/Asiri/keyPoints/පුලුවන්/පුලුවන් 16.csv,1,පුලුවන්
/content/drive/MyDrive/Asiri/keyPoints/පුලුවන්/පුලුවන් 17.csv,1,පුලුවන්
/content/drive/MyDrive/Asiri/keyPoints/පුලුවන්/පුලුවන් 18.csv,1,පුලුවන්
/content/drive/MyDrive/Asiri/keyPoints/පුලුවන්/පුලුවන් 19.csv,1,පුලුවන්
/content/drive/MyDrive/Asiri/keyPoints/පුලුවන්/පුලුවන් 20.csv,1,පුලුවන්
/content/drive/MyDrive/Asiri/keyPoints/පුලුවන්/පුලුවන් 21.csv,1,පුලුවන්
/content/drive/MyDrive/Asiri/keyPoints/පුලුවන්/පුලුවන් 22.csv,1,පුලුවන්
/content/drive/MyDrive/Asiri/keyPoints/පුලුවන්/පුලුවන් 23.csv,1,පුලුවන්
/content/drive/MyDrive/Asiri/keyPoints/පුලුවන්/පුලුවන් 24.csv,1,පුලුවන්
/content/drive/MyDrive/Asiri/keyPoints/පුලුවන්/පුලුවන් 25.csv,1,පුලුවන්
/content/drive/MyDrive/Asiri/keyPoints/පුලුවන්/පුලුවන් 26.csv,1,පුලුවන්
/content/drive/MyDrive/Asiri/keyPoints/පුලුවන්/පුලුවන් 27.csv,1,පුලුවන්
/content/drive/MyDrive/Asiri/keyPoints/පුලුවන්/පුලුවන් 28.csv,1,පුලුවන්
/content/drive/MyDrive/Asiri/keyPoints/පුලුවන්/පුලුවන් 29.csv,1,පුලුවන්
/content/drive/MyDrive/Asiri/keyPoints/පුලුවන්/පුලුවන් 30.csv,1,පුලුවන්
/content/drive/MyDrive/Asiri/keyPoints/නෑ/නෑ 1.csv,1,නෑ
/content/drive/MyDrive/Asiri/keyPoints/නෑ/නෑ 2.csv,1,නෑ
/content/drive/MyDrive/Asiri/keyPoints/නෑ/නෑ 3.csv,1,නෑ
/content/drive/MyDrive/Asiri/keyPoints/නෑ/නෑ 4.csv,1,නෑ
/content/drive/MyDrive/Asiri/keyPoints/නෑ/නෑ 5.csv,1,නෑ
/content/drive/MyDrive/Asiri/keyPoints/නෑ/නෑ 6.csv,1,නෑ
/content/drive/MyDrive/Asiri/keyPoints/නෑ/නෑ 7.csv,1,නෑ
/content/drive/MyDrive/Asiri/keyPoints/නෑ/නෑ 8.csv,1,නෑ
/content/drive/MyDrive/Asiri/keyPoints/නෑ/නෑ 9.csv,1,නෑ
/content/drive/MyDrive/Asiri/keyPoints/නෑ/නෑ 10.csv,1,නෑ
/content/drive/MyDrive/Asiri/keyPoints/නෑ/නෑ 11.csv,1,නෑ
/content/drive/MyDrive/Asiri/keyPoints/නෑ/නෑ 12.csv,1,නෑ
/content/drive/MyDrive/Asiri/keyPoints/නෑ/නෑ 13.csv,1,නෑ
/content/drive/MyDrive/Asiri/keyPoints/නෑ/නෑ 14.csv,1,නෑ
/content/drive/MyDrive/Asiri/keyPoints/නෑ/නෑ 15.csv,1,නෑ
/content/drive/MyDrive/Asiri/keyPoints/නෑ/නෑ 16.csv,1,නෑ
/content/drive/MyDrive/Asiri/keyPoints/නෑ/නෑ 17.csv,1,නෑ
/content/drive/MyDrive/Asiri/keyPoints/නෑ/නෑ 18.csv,1,නෑ
/content/drive/MyDrive/Asiri/keyPoints/නෑ/නෑ 19.csv,1,නෑ
/content/drive/MyDrive/Asiri/keyPoints/නෑ/නෑ 20.csv,1,නෑ
/content/drive/MyDrive/Asiri/keyPoints/නෑ/නෑ 21.csv,1,නෑ
/content/drive/MyDrive/Asiri/keyPoints/නෑ/නෑ 22.csv,1,නෑ
/content/drive/MyDrive/Asiri/keyPoints/නෑ/නෑ 23.csv,1,නෑ
/content/drive/MyDrive/Asiri/keyPoints/නෑ/නෑ 24.csv,1,නෑ
/content/drive/MyDrive/Asiri/keyPoints/නෑ/නෑ 25.csv,1,නෑ
/content/drive/MyDrive/Asiri/keyPoints/නෑ/නෑ 26.csv,1,නෑ
/content/drive/MyDrive/Asiri/keyPoints/නෑ/නෑ 27.csv,1,නෑ
/content/drive/MyDrive/Asiri/keyPoints/නෑ/නෑ 28.csv,1,නෑ
/content/drive/MyDrive/Asiri/keyPoints/නෑ/නෑ 29.csv,1,නෑ
/content/drive/MyDrive/Asiri/keyPoints/නෑ/නෑ 30.csv,1,නෑ
/content/drive/MyDrive/Asiri/keyPoints/නරකයි/නරකයි 1.csv,1,නරකයි
/content/drive/MyDrive/Asiri/keyPoints/නරකයි/නරකයි 2.csv,1,නරකයි
/content/drive/MyDrive/Asiri/keyPoints/නරකයි/නරකයි 3.csv,1,නරකයි
/content/drive/MyDrive/Asiri/keyPoints/නරකයි/නරකයි 4.csv,1,නරකයි
/content/drive/MyDrive/Asiri/keyPoints/නරකයි/නරකයි 5.csv,1,නරකයි
/content/drive/MyDrive/Asiri/keyPoints/නරකයි/නරකයි 6.csv,1,නරකයි
/content/drive/MyDrive/Asiri/keyPoints/නරකයි/නරකයි 7.csv,1,නරකයි
/content/drive/MyDrive/Asiri/keyPoints/නරකයි/නරකයි 8.csv,1,නරකයි
/content/drive/MyDrive/Asiri/keyPoints/නරකයි/නරකයි 9.csv,1,නරකයි
/content/drive/MyDrive/Asiri/keyPoints/නරකයි/නරකයි 10.csv,1,නරකයි
/content/drive/MyDrive/Asiri/keyPoints/නරකයි/නරකයි 11.csv,1,නරකයි
/content/drive/MyDrive/Asiri/keyPoints/නරකයි/නරකයි 12.csv,1,නරකයි
/content/drive/MyDrive/Asiri/keyPoints/නරකයි/නරකයි 13.csv,1,නරකයි
/content/drive/MyDrive/Asiri/keyPoints/නරකයි/නරකයි 14.csv,1,නරකයි
/content/drive/MyDrive/Asiri/keyPoints/නරකයි/නරකයි 15.csv,1,නරකයි
/content/drive/MyDrive/Asiri/keyPoints/නරකයි/නරකයි 16.csv,1,නරකයි
/content/drive/MyDrive/Asiri/keyPoints/නරකයි/නරකයි 17.csv,1,නරකයි
/content/drive/MyDrive/Asiri/keyPoints/නරකයි/නරකයි 18.csv,1,නරකයි
/content/drive/MyDrive/Asiri/keyPoints/නරකයි/නරකයි 19.csv,1,නරකයි
/content/drive/MyDrive/Asiri/keyPoints/නරකයි/නරකයි 20.csv,1,නරකයි
/content/drive/MyDrive/Asiri/keyPoints/නරකයි/නරකයි 21.csv,1,නරකයි
/content/drive/MyDrive/Asiri/keyPoints/නරකයි/නරකයි 22.csv,1,නරකයි
/content/drive/MyDrive/Asiri/keyPoints/නරකයි/නරකයි 23.csv,1,නරකයි
/content/drive/MyDrive/Asiri/keyPoints/නරකයි/නරකයි 24.csv,1,නරකයි
/content/drive/MyDrive/Asiri/keyPoints/නරකයි/නරකයි 25.csv,1,නරකයි
/content/drive/MyDrive/Asiri/keyPoints/නරකයි/නරකයි 26.csv,1,නරකයි
/content/drive/MyDrive/Asiri/keyPoints/නරකයි/නරකයි 27.csv,1,නරකයි
/content/drive/MyDrive/Asiri/keyPoints/නරකයි/නරකයි 28.csv,1,නරකයි
/content/drive/MyDrive/Asiri/keyPoints/නරකයි/නරකයි 29.csv,1,නරකයි
/content/drive/MyDrive/Asiri/keyPoints/නරකයි/නරකයි 30.csv,1,නරකයි
/content/drive/MyDrive/Asiri/keyPoints/දන්නෙ නෑ/දන්නෙ නෑ 1.csv,1,දන්නෙ නෑ
/content/drive/MyDrive/Asiri/keyPoints/දන්නෙ නෑ/දන්නෙ නෑ 2.csv,1,දන්නෙ නෑ
/content/drive/MyDrive/Asiri/keyPoints/දන්නෙ නෑ/දන්නෙ නෑ 3.csv,1,දන්නෙ නෑ
/content/drive/MyDrive/Asiri/keyPoints/දන්නෙ නෑ/දන්නෙ නෑ 4.csv,1,දන්නෙ නෑ
/content/drive/MyDrive/Asiri/keyPoints/දන්නෙ නෑ/දන්නෙ නෑ 5.csv,1,දන්නෙ නෑ
/content/drive/MyDrive/Asiri/keyPoints/දන්නෙ නෑ/දන්නෙ නෑ 6.csv,1,දන්නෙ නෑ
/content/drive/MyDrive/Asiri/keyPoints/දන්නෙ නෑ/දන්නෙ නෑ 7.csv,1,දන්නෙ නෑ
/content/drive/MyDrive/Asiri/keyPoints/දන්නෙ නෑ/දන්නෙ නෑ 8.csv,1,දන්නෙ නෑ
/content/drive/MyDrive/Asiri/keyPoints/දන්නෙ නෑ/දන්නෙ නෑ 9.csv,1,දන්නෙ නෑ
/content/drive/MyDrive/Asiri/keyPoints/දන්නෙ නෑ/දන්නෙ නෑ 10.csv,1,දන්නෙ නෑ
/content/drive/MyDrive/Asiri/keyPoints/දන්නෙ නෑ/දන්නෙ නෑ 11.csv,1,දන්නෙ නෑ
/content/drive/MyDrive/Asiri/keyPoints/දන්නෙ නෑ/දන්නෙ නෑ 12.csv,1,දන්නෙ නෑ
/content/drive/MyDrive/Asiri/keyPoints/දන්නෙ නෑ/දන්නෙ නෑ 13.csv,1,දන්නෙ නෑ
/content/drive/MyDrive/Asiri/keyPoints/දන්නෙ නෑ/දන්නෙ නෑ 14.csv,1,දන්නෙ නෑ
/content/drive/MyDrive/Asiri/keyPoints/දන්නෙ නෑ/දන්නෙ නෑ 15.csv,1,දන්නෙ නෑ
/content/drive/MyDrive/Asiri/keyPoints/දන්නෙ නෑ/දන්නෙ නෑ 16.csv,1,දන්නෙ නෑ
/content/drive/MyDrive/Asiri/keyPoints/දන්නෙ නෑ/දන්නෙ නෑ 17.csv,1,දන්නෙ නෑ
/content/drive/MyDrive/Asiri/keyPoints/දන්නෙ නෑ/දන්නෙ නෑ 18.csv,1,දන්නෙ නෑ
/content/drive/MyDrive/Asiri/keyPoints/දන්නෙ නෑ/දන්නෙ නෑ 19.csv,1,දන්නෙ නෑ
/content/drive/MyDrive/Asiri/keyPoints/දන්නෙ නෑ/දන්නෙ නෑ 20.csv,1,දන්නෙ නෑ
/content/drive/MyDrive/Asiri/keyPoints/දන්නෙ නෑ/දන්නෙ නෑ 21.csv,1,දන්නෙ නෑ
/content/drive/MyDrive/Asiri/keyPoints/දන්නෙ නෑ/දන්නෙ නෑ 22.csv,1,දන්නෙ නෑ
/content/drive/MyDrive/Asiri/keyPoints/දන්නෙ නෑ/දන්නෙ නෑ 23.csv,1,දන්නෙ නෑ
/content/drive/MyDrive/Asiri/keyPoints/දන්නෙ නෑ/දන්නෙ නෑ 24.csv,1,දන්නෙ නෑ
/content/drive/MyDrive/Asiri/keyPoints/දන්නෙ නෑ/දන්නෙ නෑ 25.csv,1,දන්නෙ නෑ
/content/drive/MyDrive/Asiri/keyPoints/දන්නෙ නෑ/දන්නෙ නෑ 26.csv,1,දන්නෙ නෑ
/content/drive/MyDrive/Asiri/keyPoints/දන්නෙ නෑ/දන්නෙ නෑ 27.csv,1,දන්නෙ නෑ
/content/drive/MyDrive/Asiri/keyPoints/දන්නෙ නෑ/දන්නෙ නෑ 28.csv,1,දන්නෙ නෑ
/content/drive/MyDrive/Asiri/keyPoints/දන්නෙ නෑ/දන්නෙ නෑ 29.csv,1,දන්නෙ නෑ
/content/drive/MyDrive/Asiri/keyPoints/දන්නෙ නෑ/දන්නෙ නෑ 30.csv,1,දන්නෙ නෑ
/content/drive/MyDrive/Asiri/keyPoints/දන්නවා/දන්නවා 1.csv,1,දන්නවා
/content/drive/MyDrive/Asiri/keyPoints/දන්නවා/දන්නවා 2.csv,1,දන්නවා
/content/drive/MyDrive/Asiri/keyPoints/දන්නවා/දන්නවා 3.csv,1,දන්නවා
/content/drive/MyDrive/Asiri/keyPoints/දන්නවා/දන්නවා 4.csv,1,දන්නවා
/content/drive/MyDrive/Asiri/keyPoints/දන්නවා/දන්නවා 5.csv,1,දන්නවා
/content/drive/MyDrive/Asiri/keyPoints/දන්නවා/දන්නවා 6.csv,1,දන්නවා
/content/drive/MyDrive/Asiri/keyPoints/දන්නවා/දන්නවා 7.csv,1,දන්නවා
/content/drive/MyDrive/Asiri/keyPoints/දන්නවා/දන්නවා 8.csv,1,දන්නවා
/content/drive/MyDrive/Asiri/keyPoints/දන්නවා/දන්නවා 9.csv,1,දන්නවා
/content/drive/MyDrive/Asiri/keyPoints/දන්නවා/දන්නවා 10.csv,1,දන්නවා
/content/drive/MyDrive/Asiri/keyPoints/දන්නවා/දන්නවා 11.csv,1,දන්නවා
/content/drive/MyDrive/Asiri/keyPoints/දන්නවා/දන්නවා 12.csv,1,දන්නවා
/content/drive/MyDrive/Asiri/keyPoints/දන්නවා/දන්නවා 13.csv,1,දන්නවා
/content/drive/MyDrive/Asiri/keyPoints/දන්නවා/දන්නවා 14.csv,1,දන්නවා
/content/drive/MyDrive/Asiri/keyPoints/දන්නවා/දන්නවා 15.csv,1,දන්නවා
/content/drive/MyDrive/Asiri/keyPoints/දන්නවා/දන්නවා 16.csv,1,දන්නවා
/content/drive/MyDrive/Asiri/keyPoints/දන්නවා/දන්නවා 17.csv,1,දන්නවා
/content/drive/MyDrive/Asiri/keyPoints/දන්නවා/දන්නවා 18.csv,1,දන්නවා
/content/drive/MyDrive/Asiri/keyPoints/දන්නවා/දන්නවා 19.csv,1,දන්නවා
/content/drive/MyDrive/Asiri/keyPoints/දන්නවා/දන්නවා 20.csv,1,දන්නවා
/content/drive/MyDrive/Asiri/keyPoints/දන්නවා/දන්නවා 21.csv,1,දන්නවා
/content/drive/MyDrive/Asiri/keyPoints/දන්නවා/දන්නවා 22.csv,1,දන්නවා
/content/drive/MyDrive/Asiri/keyPoints/දන්නවා/දන්නවා 23.csv,1,දන්නවා
/content/drive/MyDrive/Asiri/keyPoints/දන්නවා/දන්නවා 24.csv,1,දන්නවා
/content/drive/MyDrive/Asiri/keyPoints/දන්නවා/දන්නවා 25.csv,1,දන්නවා
/content/drive/MyDrive/Asiri/keyPoints/දන්නවා/දන්නවා 26.csv,1,දන්නවා
/content/drive/MyDrive/Asiri/keyPoints/දන්නවා/දන්නවා 27.csv,1,දන්නවා
/content/drive/MyDrive/Asiri/keyPoints/දන්නවා/දන්නවා 28.csv,1,දන්නවා
/content/drive/MyDrive/Asiri/keyPoints/දන්නවා/දන්නවා 29.csv,1,දන්නවා
/content/drive/MyDrive/Asiri/keyPoints/දන්නවා/දන්නවා 30.csv,1,දන්නවා
/content/drive/MyDrive/Asiri/keyPoints/කැමැතියි/කැමැතියි 1.csv,1,කැමැතියි
/content/drive/MyDrive/Asiri/keyPoints/කැමැතියි/කැමැතියි 2.csv,1,කැමැතියි
/content/drive/MyDrive/Asiri/keyPoints/කැමැතියි/කැමැතියි 3.csv,1,කැමැතියි
/content/drive/MyDrive/Asiri/keyPoints/කැමැතියි/කැමැතියි 4.csv,1,කැමැතියි
/content/drive/MyDrive/Asiri/keyPoints/කැමැතියි/කැමැතියි 5.csv,1,කැමැතියි
/content/drive/MyDrive/Asiri/keyPoints/කැමැතියි/කැමැතියි 6.csv,1,කැමැතියි
/content/drive/MyDrive/Asiri/keyPoints/කැමැතියි/කැමැතියි 7.csv,1,කැමැතියි
/content/drive/MyDrive/Asiri/keyPoints/කැමැතියි/කැමැතියි 8.csv,1,කැමැතියි
/content/drive/MyDrive/Asiri/keyPoints/කැමැතියි/කැමැතියි 9.csv,1,කැමැතියි
/content/drive/MyDrive/Asiri/keyPoints/කැමැතියි/කැමැතියි 10.csv,1,කැමැතියි
/content/drive/MyDrive/Asiri/keyPoints/කැමැතියි/කැමැතියි 11.csv,1,කැමැතියි
/content/drive/MyDrive/Asiri/keyPoints/කැමැතියි/කැමැතියි 12.csv,1,කැමැතියි
/content/drive/MyDrive/Asiri/keyPoints/කැමැතියි/කැමැතියි 13.csv,1,කැමැතියි
/content/drive/MyDrive/Asiri/keyPoints/කැමැතියි/කැමැතියි 14.csv,1,කැමැතියි
/content/drive/MyDrive/Asiri/keyPoints/කැමැතියි/කැමැතියි 15.csv,1,කැමැතියි
/content/drive/MyDrive/Asiri/keyPoints/කැමැතියි/කැමැතියි 16.csv,1,කැමැතියි
/content/drive/MyDrive/Asiri/keyPoints/කැමැතියි/කැමැතියි 17.csv,1,කැමැතියි
/content/drive/MyDrive/Asiri/keyPoints/කැමැතියි/කැමැතියි 18.csv,1,කැමැතියි
/content/drive/MyDrive/Asiri/keyPoints/කැමැතියි/කැමැතියි 19.csv,1,කැමැතියි
/content/drive/MyDrive/Asiri/keyPoints/කැමැතියි/කැමැතියි 20.csv,1,කැමැතියි
/content/drive/MyDrive/Asiri/keyPoints/කැමැතියි/කැමැතියි 21.csv,1,කැමැතියි
/content/drive/MyDrive/Asiri/keyPoints/කැමැතියි/කැමැතියි 22.csv,1,කැමැතියි
/content/drive/MyDrive/Asiri/keyPoints/කැමැතියි/කැමැතියි 23.csv,1,කැමැතියි
/content/drive/MyDrive/Asiri/keyPoints/කැමැතියි/කැමැතියි 24.csv,1,කැමැතියි
/content/drive/MyDrive/Asiri/keyPoints/කැමැතියි/කැමැතියි 25.csv,1,කැමැතියි
/content/drive/MyDrive/Asiri/keyPoints/කැමැතියි/කැමැතියි 26.csv,1,කැමැතියි
/content/drive/MyDrive/Asiri/keyPoints/කැමැතියි/කැමැතියි 27.csv,1,කැමැතියි
/content/drive/MyDrive/Asiri/keyPoints/කැමැතියි/කැමැතියි 28.csv,1,කැමැතියි
/content/drive/MyDrive/Asiri/keyPoints/කැමැතියි/කැමැතියි 29.csv,1,කැමැතියි
/content/drive/MyDrive/Asiri/keyPoints/කැමැතියි/කැමැතියි 30.csv,1,කැමැතියි
/content/drive/MyDrive/Asiri/keyPoints/ඔව්/ඔව් 1.csv,1,ඔව්
/content/drive/MyDrive/Asiri/keyPoints/ඔව්/ඔව් 2.csv,1,ඔව්
/content/drive/MyDrive/Asiri/keyPoints/ඔව්/ඔව් 3.csv,1,ඔව්
/content/drive/MyDrive/Asiri/keyPoints/ඔව්/ඔව් 4.csv,1,ඔව්
/content/drive/MyDrive/Asiri/keyPoints/ඔව්/ඔව් 5.csv,1,ඔව්
/content/drive/MyDrive/Asiri/keyPoints/ඔව්/ඔව් 6.csv,1,ඔව්
/content/drive/MyDrive/Asiri/keyPoints/ඔව්/ඔව් 7.csv,1,ඔව්
/content/drive/MyDrive/Asiri/keyPoints/ඔව්/ඔව් 8.csv,1,ඔව්
/content/drive/MyDrive/Asiri/keyPoints/ඔව්/ඔව් 9.csv,1,ඔව්
/content/drive/MyDrive/Asiri/keyPoints/ඔව්/ඔව් 10.csv,1,ඔව්
/content/drive/MyDrive/Asiri/keyPoints/ඔව්/ඔව් 11.csv,1,ඔව්
/content/drive/MyDrive/Asiri/keyPoints/ඔව්/ඔව් 12.csv,1,ඔව්
/content/drive/MyDrive/Asiri/keyPoints/ඔව්/ඔව් 13.csv,1,ඔව්
/content/drive/MyDrive/Asiri/keyPoints/ඔව්/ඔව් 14.csv,1,ඔව්
/content/drive/MyDrive/Asiri/keyPoints/ඔව්/ඔව් 15.csv,1,ඔව්
/content/drive/MyDrive/Asiri/keyPoints/ඔව්/ඔව් 16.csv,1,ඔව්
/content/drive/MyDrive/Asiri/keyPoints/ඔව්/ඔව් 17.csv,1,ඔව්
/content/drive/MyDrive/Asiri/keyPoints/ඔව්/ඔව් 18.csv,1,ඔව්
/content/drive/MyDrive/Asiri/keyPoints/ඔව්/ඔව් 19.csv,1,ඔව්
/content/drive/MyDrive/Asiri/keyPoints/ඔව්/ඔව් 20.csv,1,ඔව්
/content/drive/MyDrive/Asiri/keyPoints/ඔව්/ඔව් 21.csv,1,ඔව්
/content/drive/MyDrive/Asiri/keyPoints/ඔව්/ඔව් 22.csv,1,ඔව්
/content/drive/MyDrive/Asiri/keyPoints/ඔව්/ඔව් 23.csv,1,ඔව්
/content/drive/MyDrive/Asiri/keyPoints/ඔව්/ඔව් 24.csv,1,ඔව්
/content/drive/MyDrive/Asiri/keyPoints/ඔව්/ඔව් 25.csv,1,ඔව්
/content/drive/MyDrive/Asiri/keyPoints/ඔව්/ඔව් 26.csv,1,ඔව්
/content/drive/MyDrive/Asiri/keyPoints/ඔව්/ඔව් 27.csv,1,ඔව්
/content/drive/MyDrive/Asiri/keyPoints/ඔව්/ඔව් 28.csv,1,ඔව්
/content/drive/MyDrive/Asiri/keyPoints/ඔව්/ඔව් 29.csv,1,ඔව්
/content/drive/MyDrive/Asiri/keyPoints/ඔව්/ඔව් 30.csv,1,ඔව්
/content/drive/MyDrive/Asiri/keyPoints/එපා/එපා 1.csv,1,එපා
/content/drive/MyDrive/Asiri/keyPoints/එපා/එපා 2.csv,1,එපා
/content/drive/MyDrive/Asiri/keyPoints/එපා/එපා 3.csv,1,එපා
/content/drive/MyDrive/Asiri/keyPoints/එපා/එපා 4.csv,1,එපා
/content/drive/MyDrive/Asiri/keyPoints/එපා/එපා 5.csv,1,එපා
/content/drive/MyDrive/Asiri/keyPoints/එපා/එපා 6.csv,1,එපා
/content/drive/MyDrive/Asiri/keyPoints/එපා/එපා 7.csv,1,එපා
/content/drive/MyDrive/Asiri/keyPoints/එපා/එපා 8.csv,1,එපා
/content/drive/MyDrive/Asiri/keyPoints/එපා/එපා 9.csv,1,එපා
/content/drive/MyDrive/Asiri/keyPoints/එපා/එපා 10.csv,1,එපා
/content/drive/MyDrive/Asiri/keyPoints/එපා/එපා 12.csv,1,එපා
/content/drive/MyDrive/Asiri/keyPoints/එපා/එපා 13.csv,1,එපා
/content/drive/MyDrive/Asiri/keyPoints/එපා/එපා 14.csv,1,එපා
/content/drive/MyDrive/Asiri/keyPoints/එපා/එපා 15.csv,1,එපා
/content/drive/MyDrive/Asiri/keyPoints/එපා/එපා 16.csv,1,එපා
/content/drive/MyDrive/Asiri/keyPoints/එපා/එපා 17.csv,1,එපා
/content/drive/MyDrive/Asiri/keyPoints/එපා/එපා 18.csv,1,එපා
/content/drive/MyDrive/Asiri/keyPoints/එපා/එපා 19.csv,1,එපා
/content/drive/MyDrive/Asiri/keyPoints/එපා/එපා 20.csv,1,එපා
/content/drive/MyDrive/Asiri/keyPoints/එපා/එපා 21.csv,1,එපා
/content/drive/MyDrive/Asiri/keyPoints/එපා/එපා 22.csv,1,එපා
/content/drive/MyDrive/Asiri/keyPoints/එපා/එපා 23.csv,1,එපා
/content/drive/MyDrive/Asiri/keyPoints/එපා/එපා 24.csv,1,එපා
/content/drive/MyDrive/Asiri/keyPoints/එපා/එපා 25.csv,1,එපා
/content/drive/MyDrive/Asiri/keyPoints/එපා/එපා 26.csv,1,එපා
/content/drive/MyDrive/Asiri/keyPoints/එපා/එපා 27.csv,1,එපා
/content/drive/MyDrive/Asiri/keyPoints/එපා/එපා 28.csv,1,එපා
/content/drive/MyDrive/Asiri/keyPoints/එපා/එපා 29.csv,1,එපා
/content/drive/MyDrive/Asiri/keyPoints/එපා/එපා 30.csv,1,එපා
/content/drive/MyDrive/Asiri/keyPoints/එන්න/එන්න 1.csv,1,එන්න
/content/drive/MyDrive/Asiri/keyPoints/එන්න/එන්න 2.csv,1,එන්න
/content/drive/MyDrive/Asiri/keyPoints/එන්න/එන්න 3.csv,1,එන්න
/content/drive/MyDrive/Asiri/keyPoints/එන්න/එන්න 4.csv,1,එන්න
/content/drive/MyDrive/Asiri/keyPoints/එන්න/එන්න 5.csv,1,එන්න
/content/drive/MyDrive/Asiri/keyPoints/එන්න/එන්න 6.csv,1,එන්න
/content/drive/MyDrive/Asiri/keyPoints/එන්න/එන්න 7.csv,1,එන්න
/content/drive/MyDrive/Asiri/keyPoints/එන්න/එන්න 8.csv,1,එන්න
/content/drive/MyDrive/Asiri/keyPoints/එන්න/එන්න 9.csv,1,එන්න
/content/drive/MyDrive/Asiri/keyPoints/එන්න/එන්න 10.csv,1,එන්න
/content/drive/MyDrive/Asiri/keyPoints/එන්න/එන්න 11.csv,1,එන්න
/content/drive/MyDrive/Asiri/keyPoints/එන්න/එන්න 12.csv,1,එන්න
/content/drive/MyDrive/Asiri/keyPoints/එන්න/එන්න 13.csv,1,එන්න
/content/drive/MyDrive/Asiri/keyPoints/එන්න/එන්න 14.csv,1,එන්න
/content/drive/MyDrive/Asiri/keyPoints/එන්න/එන්න 15.csv,1,එන්න
/content/drive/MyDrive/Asiri/keyPoints/එන්න/එන්න 16.csv,1,එන්න
/content/drive/MyDrive/Asiri/keyPoints/එන්න/එන්න 17.csv,1,එන්න
/content/drive/MyDrive/Asiri/keyPoints/එන්න/එන්න 18.csv,1,එන්න
/content/drive/MyDrive/Asiri/keyPoints/එන්න/එන්න 19.csv,1,එන්න
/content/drive/MyDrive/Asiri/keyPoints/එන්න/එන්න 20.csv,1,එන්න
/content/drive/MyDrive/Asiri/keyPoints/එන්න/එන්න 21.csv,1,එන්න
/content/drive/MyDrive/Asiri/keyPoints/එන්න/එන්න 22.csv,1,එන්න
/content/drive/MyDrive/Asiri/keyPoints/එන්න/එන්න 23.csv,1,එන්න
/content/drive/MyDrive/Asiri/keyPoints/එන්න/එන්න 24.csv,1,එන්න
/content/drive/MyDrive/Asiri/keyPoints/එන්න/එන්න 25.csv,1,එන්න
/content/drive/MyDrive/Asiri/keyPoints/එන්න/එන්න 26.csv,1,එන්න
/content/drive/MyDrive/Asiri/keyPoints/එන්න/එන්න 27.csv,1,එන්න
/content/drive/MyDrive/Asiri/keyPoints/එන්න/එන්න 28.csv,1,එන්න
/content/drive/MyDrive/Asiri/keyPoints/එන්න/එන්න 29.csv,1,එන්න
/content/drive/MyDrive/Asiri/keyPoints/එන්න/එන්න 30.csv,1,එන්න
/content/drive/MyDrive/Asiri/keyPoints/කහ/Yellow1.csv,1,කහ
/content/drive/MyDrive/Asiri/keyPoints/කහ/Yellow2.csv,1,කහ
/content/drive/MyDrive/Asiri/keyPoints/කහ/Yellow3.csv,1,කහ
/content/drive/MyDrive/Asiri/keyPoints/කහ/Yellow4.csv,1,කහ
/content/drive/MyDrive/Asiri/keyPoints/කහ/Yellow5.csv,1,කහ
/content/drive/MyDrive/Asiri/keyPoints/කහ/Yellow6.csv,1,කහ
/content/drive/MyDrive/Asiri/keyPoints/කහ/Yellow7.csv,1,කහ
/content/drive/MyDrive/Asiri/keyPoints/කහ/Yellow8.csv,1,කහ
/content/drive/MyDrive/Asiri/keyPoints/කහ/Yellow9.csv,1,කහ
/content/drive/MyDrive/Asiri/keyPoints/කහ/Yellow10.csv,1,කහ
/content/drive/MyDrive/Asiri/keyPoints/කහ/කහ 11.csv,1,කහ
/content/drive/MyDrive/Asiri/keyPoints/කහ/කහ 12.csv,1,කහ
/content/drive/MyDrive/Asiri/keyPoints/කහ/කහ 13.csv,1,කහ
/content/drive/MyDrive/Asiri/keyPoints/කහ/කහ 14.csv,1,කහ
/content/drive/MyDrive/Asiri/keyPoints/කහ/කහ 15.csv,1,කහ
/content/drive/MyDrive/Asiri/keyPoints/කහ/කහ 16.csv,1,කහ
/content/drive/MyDrive/Asiri/keyPoints/කහ/කහ 17.csv,1,කහ
/content/drive/MyDrive/Asiri/keyPoints/කහ/කහ 18.csv,1,කහ
/content/drive/MyDrive/Asiri/keyPoints/කහ/කහ 19.csv,1,කහ
/content/drive/MyDrive/Asiri/keyPoints/කහ/කහ 20.csv,1,කහ
/content/drive/MyDrive/Asiri/keyPoints/කහ/කහ 21.csv,1,කහ
/content/drive/MyDrive/Asiri/keyPoints/කහ/කහ 22.csv,1,කහ
/content/drive/MyDrive/Asiri/keyPoints/කහ/කහ 23.csv,1,කහ
/content/drive/MyDrive/Asiri/keyPoints/කහ/කහ 24.csv,1,කහ
/content/drive/MyDrive/Asiri/keyPoints/කහ/කහ 25.csv,1,කහ
/content/drive/MyDrive/Asiri/keyPoints/කහ/කහ 26.csv,1,කහ
/content/drive/MyDrive/Asiri/keyPoints/කහ/කහ 27.csv,1,කහ
/content/drive/MyDrive/Asiri/keyPoints/කහ/කහ 28.csv,1,කහ
/content/drive/MyDrive/Asiri/keyPoints/කහ/කහ 29.csv,1,කහ
/content/drive/MyDrive/Asiri/keyPoints/කහ/කහ 30.csv,1,කහ
/content/drive/MyDrive/Asiri/keyPoints/රතු/Red1.csv,1,රතු
/content/drive/MyDrive/Asiri/keyPoints/රතු/Red2.csv,1,රතු
/content/drive/MyDrive/Asiri/keyPoints/රතු/Red3.csv,1,රතු
/content/drive/MyDrive/Asiri/keyPoints/රතු/Red4.csv,1,රතු
/content/drive/MyDrive/Asiri/keyPoints/රතු/Red5.csv,1,රතු
/content/drive/MyDrive/Asiri/keyPoints/රතු/Red6.csv,1,රතු
/content/drive/MyDrive/Asiri/keyPoints/රතු/Red7.csv,1,රතු
/content/drive/MyDrive/Asiri/keyPoints/රතු/Red8.csv,1,රතු
/content/drive/MyDrive/Asiri/keyPoints/රතු/Red9.csv,1,රතු
/content/drive/MyDrive/Asiri/keyPoints/රතු/Red10.csv,1,රතු
/content/drive/MyDrive/Asiri/keyPoints/රතු/රතු 11.csv,1,රතු
/content/drive/MyDrive/Asiri/keyPoints/රතු/රතු 12.csv,1,රතු
/content/drive/MyDrive/Asiri/keyPoints/රතු/රතු 13.csv,1,රතු
/content/drive/MyDrive/Asiri/keyPoints/රතු/රතු 14.csv,1,රතු
/content/drive/MyDrive/Asiri/keyPoints/රතු/රතු 15.csv,1,රතු
/content/drive/MyDrive/Asiri/keyPoints/රතු/රතු 16.csv,1,රතු
/content/drive/MyDrive/Asiri/keyPoints/රතු/රතු 17.csv,1,රතු
/content/drive/MyDrive/Asiri/keyPoints/රතු/රතු 18.csv,1,රතු
/content/drive/MyDrive/Asiri/keyPoints/රතු/රතු 19.csv,1,රතු
/content/drive/MyDrive/Asiri/keyPoints/රතු/රතු 20.csv,1,රතු
/content/drive/MyDrive/Asiri/keyPoints/රතු/රතු 21.csv,1,රතු
/content/drive/MyDrive/Asiri/keyPoints/රතු/රතු 22.csv,1,රතු
/content/drive/MyDrive/Asiri/keyPoints/රතු/රතු 23.csv,1,රතු
/content/drive/MyDrive/Asiri/keyPoints/රතු/රතු 24.csv,1,රතු
/content/drive/MyDrive/Asiri/keyPoints/රතු/රතු 25.csv,1,රතු
/content/drive/MyDrive/Asiri/keyPoints/රතු/රතු 26.csv,1,රතු
/content/drive/MyDrive/Asiri/keyPoints/රතු/රතු 27.csv,1,රතු
/content/drive/MyDrive/Asiri/keyPoints/රතු/රතු 28.csv,1,රතු
/content/drive/MyDrive/Asiri/keyPoints/රතු/රතු 29.csv,1,රතු
/content/drive/MyDrive/Asiri/keyPoints/රතු/රතු 30.csv,1,රතු
/content/drive/MyDrive/Asiri/keyPoints/තැඹිලි/Orange1.csv,1,තැඹිලි
/content/drive/MyDrive/Asiri/keyPoints/තැඹිලි/Orange2.csv,1,තැඹිලි
/content/drive/MyDrive/Asiri/keyPoints/තැඹිලි/තැඹිලි 11.csv,1,තැඹිලි
/content/drive/MyDrive/Asiri/keyPoints/තැඹිලි/තැඹිලි 12.csv,1,තැඹිලි
/content/drive/MyDrive/Asiri/keyPoints/තැඹිලි/තැඹිලි 13.csv,1,තැඹිලි
/content/drive/MyDrive/Asiri/keyPoints/තැඹිලි/තැඹිලි 14.csv,1,තැඹිලි
/content/drive/MyDrive/Asiri/keyPoints/තැඹිලි/තැඹිලි 15.csv,1,තැඹිලි
/content/drive/MyDrive/Asiri/keyPoints/තැඹිලි/තැඹිලි 16.csv,1,තැඹිලි
/content/drive/MyDrive/Asiri/keyPoints/තැඹිලි/තැඹිලි 17.csv,1,තැඹිලි
/content/drive/MyDrive/Asiri/keyPoints/තැඹිලි/තැඹිලි 18.csv,1,තැඹිලි
/content/drive/MyDrive/Asiri/keyPoints/තැඹිලි/තැඹිලි 19.csv,1,තැඹිලි
/content/drive/MyDrive/Asiri/keyPoints/තැඹිලි/තැඹිලි 20.csv,1,තැඹිලි
/content/drive/MyDrive/Asiri/keyPoints/තැඹිලි/තැඹිලි 21.csv,1,තැඹිලි
/content/drive/MyDrive/Asiri/keyPoints/තැඹිලි/තැඹිලි 22.csv,1,තැඹිලි
/content/drive/MyDrive/Asiri/keyPoints/තැඹිලි/තැඹිලි 23.csv,1,තැඹිලි
/content/drive/MyDrive/Asiri/keyPoints/තැඹිලි/තැඹිලි 24.csv,1,තැඹිලි
/content/drive/MyDrive/Asiri/keyPoints/තැඹිලි/තැඹිලි 25.csv,1,තැඹිලි
/content/drive/MyDrive/Asiri/keyPoints/තැඹිලි/තැඹිලි 26.csv,1,තැඹිලි
/content/drive/MyDrive/Asiri/keyPoints/තැඹිලි/තැඹිලි 27.csv,1,තැඹිලි
/content/drive/MyDrive/Asiri/keyPoints/තැඹිලි/තැඹිලි 28.csv,1,තැඹිලි
/content/drive/MyDrive/Asiri/keyPoints/තැඹිලි/තැඹිලි 29.csv,1,තැඹිලි
/content/drive/MyDrive/Asiri/keyPoints/තැඹිලි/තැඹිලි 30.csv,1,තැඹිලි
/content/drive/MyDrive/Asiri/keyPoints/කොල/Green1.csv,1,කොල
/content/drive/MyDrive/Asiri/keyPoints/කොල/Green2.csv,1,කොල
/content/drive/MyDrive/Asiri/keyPoints/කොල/Green3.csv,1,කොල
/content/drive/MyDrive/Asiri/keyPoints/කොල/Green4.csv,1,කොල
/content/drive/MyDrive/Asiri/keyPoints/කොල/Green5.csv,1,කොල
/content/drive/MyDrive/Asiri/keyPoints/කොල/Green6.csv,1,කොල
/content/drive/MyDrive/Asiri/keyPoints/කොල/Green7.csv,1,කොල
/content/drive/MyDrive/Asiri/keyPoints/කොල/Green8.csv,1,කොල
/content/drive/MyDrive/Asiri/keyPoints/කොල/Green9.csv,1,කොල
/content/drive/MyDrive/Asiri/keyPoints/කොල/Green10.csv,1,කොල
/content/drive/MyDrive/Asiri/keyPoints/කොල/කොල 11.csv,1,කොල
/content/drive/MyDrive/Asiri/keyPoints/කොල/කොල 12.csv,1,කොල
/content/drive/MyDrive/Asiri/keyPoints/කොල/කොල 13.csv,1,කොල
/content/drive/MyDrive/Asiri/keyPoints/කොල/කොල 14.csv,1,කොල
/content/drive/MyDrive/Asiri/keyPoints/කොල/කොල 15.csv,1,කොල
/content/drive/MyDrive/Asiri/keyPoints/කොල/කොල 16.csv,1,කොල
/content/drive/MyDrive/Asiri/keyPoints/කොල/කොල 17.csv,1,කොල
/content/drive/MyDrive/Asiri/keyPoints/කොල/කොල 18.csv,1,කොල
/content/drive/MyDrive/Asiri/keyPoints/කොල/කොල 19.csv,1,කොල
/content/drive/MyDrive/Asiri/keyPoints/කොල/කොල 20.csv,1,කොල
/content/drive/MyDrive/Asiri/keyPoints/කොල/කොල 21.csv,1,කොල
/content/drive/MyDrive/Asiri/keyPoints/කොල/කොල 22.csv,1,කොල
/content/drive/MyDrive/Asiri/keyPoints/කොල/කොල 23.csv,1,කොල
/content/drive/MyDrive/Asiri/keyPoints/කොල/කොල 24.csv,1,කොල
/content/drive/MyDrive/Asiri/keyPoints/කොල/කොල 25.csv,1,කොල
/content/drive/MyDrive/Asiri/keyPoints/කොල/කොල 26.csv,1,කොල
/content/drive/MyDrive/Asiri/keyPoints/කොල/කොල 27.csv,1,කොල
/content/drive/MyDrive/Asiri/keyPoints/කොල/කොල 28.csv,1,කොල
/content/drive/MyDrive/Asiri/keyPoints/කොල/කොල 29.csv,1,කොල
/content/drive/MyDrive/Asiri/keyPoints/කොල/කොල 30.csv,1,කොල
/content/drive/MyDrive/Asiri/keyPoints/රන්වන්/Gold1.csv,1,රන්වන්
/content/drive/MyDrive/Asiri/keyPoints/රන්වන්/Gold2.csv,1,රන්වන්
/content/drive/MyDrive/Asiri/keyPoints/රන්වන්/Gold3.csv,1,රන්වන්
/content/drive/MyDrive/Asiri/keyPoints/රන්වන්/Gold4.csv,1,රන්වන්
/content/drive/MyDrive/Asiri/keyPoints/රන්වන්/Gold5.csv,1,රන්වන්
/content/drive/MyDrive/Asiri/keyPoints/රන්වන්/Gold6.csv,1,රන්වන්
/content/drive/MyDrive/Asiri/keyPoints/රන්වන්/Gold7.csv,1,රන්වන්
/content/drive/MyDrive/Asiri/keyPoints/රන්වන්/Gold8.csv,1,රන්වන්
/content/drive/MyDrive/Asiri/keyPoints/රන්වන්/Gold9.csv,1,රන්වන්
/content/drive/MyDrive/Asiri/keyPoints/රන්වන්/Gold10.csv,1,රන්වන්
/content/drive/MyDrive/Asiri/keyPoints/රන්වන්/රන්වන් 11.csv,1,රන්වන්
/content/drive/MyDrive/Asiri/keyPoints/රන්වන්/රන්වන් 12.csv,1,රන්වන්
/content/drive/MyDrive/Asiri/keyPoints/රන්වන්/රන්වන් 13.csv,1,රන්වන්
/content/drive/MyDrive/Asiri/keyPoints/රන්වන්/රන්වන් 14.csv,1,රන්වන්
/content/drive/MyDrive/Asiri/keyPoints/රන්වන්/රන්වන් 15.csv,1,රන්වන්
/content/drive/MyDrive/Asiri/keyPoints/රන්වන්/රන්වන් 16.csv,1,රන්වන්
/content/drive/MyDrive/Asiri/keyPoints/රන්වන්/රන්වන් 17.csv,1,රන්වන්
/content/drive/MyDrive/Asiri/keyPoints/රන්වන්/රන්වන් 18.csv,1,රන්වන්
/content/drive/MyDrive/Asiri/keyPoints/රන්වන්/රන්වන් 19.csv,1,රන්වන්
/content/drive/MyDrive/Asiri/keyPoints/රන්වන්/රන්වන් 20.csv,1,රන්වන්
/content/drive/MyDrive/Asiri/keyPoints/රන්වන්/රන්වන් 21.csv,1,රන්වන්
/content/drive/MyDrive/Asiri/keyPoints/රන්වන්/රන්වන් 22.csv,1,රන්වන්
/content/drive/MyDrive/Asiri/keyPoints/රන්වන්/රන්වන් 23.csv,1,රන්වන්
/content/drive/MyDrive/Asiri/keyPoints/රන්වන්/රන්වන් 24.csv,1,රන්වන්
/content/drive/MyDrive/Asiri/keyPoints/රන්වන්/රන්වන් 25.csv,1,රන්වන්
/content/drive/MyDrive/Asiri/keyPoints/රන්වන්/රන්වන් 26.csv,1,රන්වන්
/content/drive/MyDrive/Asiri/keyPoints/රන්වන්/රන්වන් 27.csv,1,රන්වන්
/content/drive/MyDrive/Asiri/keyPoints/රන්වන්/රන්වන් 28.csv,1,රන්වන්
/content/drive/MyDrive/Asiri/keyPoints/රන්වන්/රන්වන් 29.csv,1,රන්වන්
/content/drive/MyDrive/Asiri/keyPoints/රන්වන්/රන්වන් 30.csv,1,රන්වන්
/content/drive/MyDrive/Asiri/keyPoints/දුඹුරු/Brown1.csv,1,දුඹුරු
/content/drive/MyDrive/Asiri/keyPoints/දුඹුරු/Brown2.csv,1,දුඹුරු
/content/drive/MyDrive/Asiri/keyPoints/දුඹුරු/Brown3.csv,1,දුඹුරු
/content/drive/MyDrive/Asiri/keyPoints/දුඹුරු/Brown4.csv,1,දුඹුරු
/content/drive/MyDrive/Asiri/keyPoints/දුඹුරු/Brown5.csv,1,දුඹුරු
/content/drive/MyDrive/Asiri/keyPoints/දුඹුරු/Brown6.csv,1,දුඹුරු
/content/drive/MyDrive/Asiri/keyPoints/දුඹුරු/Brown7.csv,1,දුඹුරු
/content/drive/MyDrive/Asiri/keyPoints/දුඹුරු/Brown8.csv,1,දුඹුරු
/content/drive/MyDrive/Asiri/keyPoints/දුඹුරු/Brown9.csv,1,දුඹුරු
/content/drive/MyDrive/Asiri/keyPoints/දුඹුරු/Brown10.csv,1,දුඹුරු
/content/drive/MyDrive/Asiri/keyPoints/දුඹුරු/දුඹුරු 11.csv,1,දුඹුරු
/content/drive/MyDrive/Asiri/keyPoints/දුඹුරු/දුඹුරු 12.csv,1,දුඹුරු
/content/drive/MyDrive/Asiri/keyPoints/දුඹුරු/දුඹුරු 13.csv,1,දුඹුරු
/content/drive/MyDrive/Asiri/keyPoints/දුඹුරු/දුඹුරු 14.csv,1,දුඹුරු
/content/drive/MyDrive/Asiri/keyPoints/දුඹුරු/දුඹුරු 15.csv,1,දුඹුරු
/content/drive/MyDrive/Asiri/keyPoints/දුඹුරු/දුඹුරු 16.csv,1,දුඹුරු
/content/drive/MyDrive/Asiri/keyPoints/දුඹුරු/දුඹුරු 17.csv,1,දුඹුරු
/content/drive/MyDrive/Asiri/keyPoints/දුඹුරු/දුඹුරු 18.csv,1,දුඹුරු
/content/drive/MyDrive/Asiri/keyPoints/දුඹුරු/දුඹුරු 19.csv,1,දුඹුරු
/content/drive/MyDrive/Asiri/keyPoints/දුඹුරු/දුඹුරු 20.csv,1,දුඹුරු
/content/drive/MyDrive/Asiri/keyPoints/දුඹුරු/දුඹුරු 21.csv,1,දුඹුරු
/content/drive/MyDrive/Asiri/keyPoints/දුඹුරු/දුඹුරු 22.csv,1,දුඹුරු
/content/drive/MyDrive/Asiri/keyPoints/දුඹුරු/දුඹුරු 23.csv,1,දුඹුරු
/content/drive/MyDrive/Asiri/keyPoints/දුඹුරු/දුඹුරු 24.csv,1,දුඹුරු
/content/drive/MyDrive/Asiri/keyPoints/දුඹුරු/දුඹුරු 25.csv,1,දුඹුරු
/content/drive/MyDrive/Asiri/keyPoints/දුඹුරු/දුඹුරු 26.csv,1,දුඹුරු
/content/drive/MyDrive/Asiri/keyPoints/දුඹුරු/දුඹුරු 27.csv,1,දුඹුරු
/content/drive/MyDrive/Asiri/keyPoints/දුඹුරු/දුඹුරු 28.csv,1,දුඹුරු
/content/drive/MyDrive/Asiri/keyPoints/දුඹුරු/දුඹුරු 29.csv,1,දුඹුරු
/content/drive/MyDrive/Asiri/keyPoints/දුඹුරු/දුඹුරු 30.csv,1,දුඹුරු
/content/drive/MyDrive/Asiri/keyPoints/නිල්/Blue1.csv,1,නිල්
/content/drive/MyDrive/Asiri/keyPoints/නිල්/Blue2.csv,1,නිල්
/content/drive/MyDrive/Asiri/keyPoints/නිල්/Blue3.csv,1,නිල්
/content/drive/MyDrive/Asiri/keyPoints/නිල්/Blue4.csv,1,නිල්
/content/drive/MyDrive/Asiri/keyPoints/නිල්/Blue5.csv,1,නිල්
/content/drive/MyDrive/Asiri/keyPoints/නිල්/Blue6.csv,1,නිල්
/content/drive/MyDrive/Asiri/keyPoints/නිල්/Blue7.csv,1,නිල්
/content/drive/MyDrive/Asiri/keyPoints/නිල්/Blue8.csv,1,නිල්
/content/drive/MyDrive/Asiri/keyPoints/නිල්/Blue9.csv,1,නිල්
/content/drive/MyDrive/Asiri/keyPoints/නිල්/Blue10.csv,1,නිල්
/content/drive/MyDrive/Asiri/keyPoints/නිල්/නිල් 11.csv,1,නිල්
/content/drive/MyDrive/Asiri/keyPoints/නිල්/නිල් 12.csv,1,නිල්
/content/drive/MyDrive/Asiri/keyPoints/නිල්/නිල් 13.csv,1,නිල්
/content/drive/MyDrive/Asiri/keyPoints/නිල්/නිල් 14.csv,1,නිල්
/content/drive/MyDrive/Asiri/keyPoints/නිල්/නිල් 15.csv,1,නිල්
/content/drive/MyDrive/Asiri/keyPoints/නිල්/නිල් 16.csv,1,නිල්
/content/drive/MyDrive/Asiri/keyPoints/නිල්/නිල් 17.csv,1,නිල්
/content/drive/MyDrive/Asiri/keyPoints/නිල්/නිල් 18.csv,1,නිල්
/content/drive/MyDrive/Asiri/keyPoints/නිල්/නිල් 19.csv,1,නිල්
/content/drive/MyDrive/Asiri/keyPoints/නිල්/නිල් 20.csv,1,නිල්
/content/drive/MyDrive/Asiri/keyPoints/නිල්/නිල් 21.csv,1,නිල්
/content/drive/MyDrive/Asiri/keyPoints/නිල්/නිල් 22.csv,1,නිල්
/content/drive/MyDrive/Asiri/keyPoints/නිල්/නිල් 23.csv,1,නිල්
/content/drive/MyDrive/Asiri/keyPoints/නිල්/නිල් 24.csv,1,නිල්
/content/drive/MyDrive/Asiri/keyPoints/නිල්/නිල් 25.csv,1,නිල්
/content/drive/MyDrive/Asiri/keyPoints/නිල්/නිල් 26.csv,1,නිල්
/content/drive/MyDrive/Asiri/keyPoints/නිල්/නිල් 27.csv,1,නිල්
/content/drive/MyDrive/Asiri/keyPoints/නිල්/නිල් 28.csv,1,නිල්
/content/drive/MyDrive/Asiri/keyPoints/නිල්/නිල් 29.csv,1,නිල්
/content/drive/MyDrive/Asiri/keyPoints/නිල්/නිල් 30.csv,1,නිල්
/content/drive/MyDrive/Asiri/keyPoints/කලු/Black1.csv,1,කලු
/content/drive/MyDrive/Asiri/keyPoints/කලු/Black2.csv,1,කලු
/content/drive/MyDrive/Asiri/keyPoints/කලු/Black3.csv,1,කලු
/content/drive/MyDrive/Asiri/keyPoints/කලු/Black4.csv,1,කලු
/content/drive/MyDrive/Asiri/keyPoints/කලු/Black5.csv,1,කලු
/content/drive/MyDrive/Asiri/keyPoints/කලු/Black6.csv,1,කලු
/content/drive/MyDrive/Asiri/keyPoints/කලු/Black7.csv,1,කලු
/content/drive/MyDrive/Asiri/keyPoints/කලු/Black8.csv,1,කලු
/content/drive/MyDrive/Asiri/keyPoints/කලු/Black9.csv,1,කලු
/content/drive/MyDrive/Asiri/keyPoints/කලු/Black10.csv,1,කලු
/content/drive/MyDrive/Asiri/keyPoints/කලු/කලු 11.csv,1,කලු
/content/drive/MyDrive/Asiri/keyPoints/කලු/කලු 12.csv,1,කලු
/content/drive/MyDrive/Asiri/keyPoints/කලු/කලු 13.csv,1,කලු
/content/drive/MyDrive/Asiri/keyPoints/කලු/කලු 14.csv,1,කලු
/content/drive/MyDrive/Asiri/keyPoints/කලු/කලු 15.csv,1,කලු
/content/drive/MyDrive/Asiri/keyPoints/කලු/කලු 16.csv,1,කලු
/content/drive/MyDrive/Asiri/keyPoints/කලු/කලු 17.csv,1,කලු
/content/drive/MyDrive/Asiri/keyPoints/කලු/කලු 18.csv,1,කලු
/content/drive/MyDrive/Asiri/keyPoints/කලු/කලු 19.csv,1,කලු
/content/drive/MyDrive/Asiri/keyPoints/කලු/කලු 20.csv,1,කලු
/content/drive/MyDrive/Asiri/keyPoints/කලු/කලු 21.csv,1,කලු
/content/drive/MyDrive/Asiri/keyPoints/කලු/කලු 22.csv,1,කලු
/content/drive/MyDrive/Asiri/keyPoints/කලු/කලු 23.csv,1,කලු
/content/drive/MyDrive/Asiri/keyPoints/කලු/කලු 24.csv,1,කලු
/content/drive/MyDrive/Asiri/keyPoints/කලු/කලු 25.csv,1,කලු
/content/drive/MyDrive/Asiri/keyPoints/කලු/කලු 26.csv,1,කලු
/content/drive/MyDrive/Asiri/keyPoints/කලු/කලු 27.csv,1,කලු
/content/drive/MyDrive/Asiri/keyPoints/කලු/කලු 28.csv,1,කලු
/content/drive/MyDrive/Asiri/keyPoints/කලු/කලු 29.csv,1,කලු
/content/drive/MyDrive/Asiri/keyPoints/කලු/කලු 30.csv,1,කලු